Date,Adj Close,Day
2013-09-23,124.327232,0
2013-09-24,123.801506,1
2013-09-25,123.283859,2
2013-09-26,123.71254,3
2013-09-27,123.113937,4
2013-09-30,122.135284,7
2013-10-01,122.636726,8
2013-10-02,122.11911,9
2013-10-03,121.05957,10
2013-10-04,121.674217,11
2013-10-07,120.517548,14
2013-10-08,119.328537,15
2013-10-09,119.530731,16
2013-10-10,122.102852,17
2013-10-11,123.081566,18
2013-10-14,123.591202,21
2013-10-15,122.410202,22
2013-10-16,124.173607,23
2013-10-17,124.141159,24
2013-10-18,124.375999,25
2013-10-21,124.319351,28
2013-10-22,124.902367,29
2013-10-23,124.55423,30
2013-10-24,125.34771,31
2013-10-25,125.873985,32
2013-10-28,125.809288,35
2013-10-29,126.724266,36
2013-10-30,126.214081,37
2013-10-31,125.744553,38
2013-11-01,126.206032,39
2013-11-04,126.367973,42
2013-11-05,126.230408,43
2013-11-06,127.30732,44
2013-11-07,126.197968,45
2013-11-08,127.52597,46
2013-11-11,127.623161,49
2013-11-12,127.428749,50
2013-11-13,127.98745,51
2013-11-14,128.529938,52
2013-11-15,129.234192,53
2013-11-18,129.347794,56
2013-11-19,129.258469,57
2013-11-20,128.80426,58
2013-11-21,129.688461,59
2013-11-22,130.12648,60
2013-11-25,130.296906,63
2013-11-26,130.207642,64
2013-11-27,130.491577,65
2013-11-29,130.386154,67
2013-12-02,129.737183,70
2013-12-03,128.982681,71
2013-12-04,128.796051,72
2013-12-05,128.276855,73
2013-12-06,129.931824,74
2013-12-09,129.988663,77
2013-12-10,129.574875,78
2013-12-11,128.43103,79
2013-12-12,127.749611,80
2013-12-13,127.895592,81
2013-12-16,128.909607,84
2013-12-17,128.812347,85
2013-12-18,131.229858,86
2013-12-19,131.327179,87
2013-12-20,131.754089,88
2013-12-23,132.250214,91
2013-12-24,132.689514,92
2013-12-26,133.746674,94
2013-12-27,133.754807,95
2013-12-30,133.852386,98
2013-12-31,134.568054,99
2014-01-02,133.461975,101
2014-01-03,133.689713,102
2014-01-06,133.283173,105
2014-01-07,134.161407,106
2014-01-08,133.657196,107
2014-01-09,133.527054,108
2014-01-10,133.518936,109
2014-01-13,131.941254,112
2014-01-14,132.925262,113
2014-01-15,133.836121,114
2014-01-16,133.356308,115
2014-01-17,133.545837,116
2014-01-21,133.260986,120
2014-01-22,133.049377,121
2014-01-23,131.61702,122
2014-01-24,128.988052,123
2014-01-27,128.613663,126
2014-01-28,129.362442,127
2014-01-29,127.864815,128
2014-01-30,128.735733,129
2014-01-31,127.579987,130
2014-02-03,124.959221,133
2014-02-04,125.406845,134
2014-02-05,125.488243,135
2014-02-06,127.083488,136
2014-02-07,128.418274,137
2014-02-10,128.393906,140
2014-02-11,130.029816,141
2014-02-12,129.98912,142
2014-02-13,130.461197,143
2014-02-14,131.519363,144
2014-02-18,131.372757,148
2014-02-19,130.648407,149
2014-02-20,131.291321,150
2014-02-21,131.238281,151
2014-02-24,131.932114,154
2014-02-25,131.801468,155
2014-02-26,132.078918,156
2014-02-27,132.658463,157
2014-02-28,133.04187,158
2014-03-03,131.793274,161
2014-03-04,133.53981,162
2014-03-05,133.311295,163
2014-03-06,133.915192,164
2014-03-07,134.119232,165
2014-03-10,133.833572,168
2014-03-11,133.368423,169
2014-03-12,133.213303,170
2014-03-13,131.434189,171
2014-03-14,131.107819,172
2014-03-17,132.511475,175
2014-03-18,133.254181,176
2014-03-19,132.364548,177
2014-03-20,133.270477,178
2014-03-21,132.953262,179
2014-03-24,132.798035,182
2014-03-25,133.57457,183
2014-03-26,132.707977,184
2014-03-27,132.667053,185
2014-03-28,133.133133,186
2014-03-31,134.269455,189
2014-04-01,134.849854,190
2014-04-02,135.193237,191
2014-04-03,135.168808,192
2014-04-04,133.975204,193
2014-04-07,132.569046,196
2014-04-08,132.707977,197
2014-04-09,134.154984,198
2014-04-10,132.005005,199
2014-04-11,130.81955,200
2014-04-14,131.988602,203
2014-04-15,132.732483,204
2014-04-16,134.089539,205
2014-04-17,133.976685,206
2014-04-21,134.20575,210
2014-04-22,134.835739,211
2014-04-23,134.70488,212
2014-04-24,134.745834,213
2014-04-25,133.649384,214
2014-04-28,134.320328,217
2014-04-29,134.99942,218
2014-04-30,135.367584,219
2014-05-01,135.187607,220
2014-05-02,134.794891,221
2014-05-05,134.942215,224
2014-05-06,133.960419,225
2014-05-07,135.023987,226
2014-05-08,135.285812,227
2014-05-09,135.588562,228
2014-05-12,136.472183,231
2014-05-13,136.676651,232
2014-05-14,135.907623,233
2014-05-15,134.631256,234
2014-05-16,135.025864,235
2014-05-19,135.10791,238
2014-05-20,133.967606,239
2014-05-21,135.329269,240
2014-05-22,135.493393,241
2014-05-23,136.026657,242
2014-05-27,136.551498,246
2014-05-28,136.239868,247
2014-05-29,136.805878,248
2014-05-30,136.928772,249
2014-06-02,137.15033,252
2014-06-03,137.002716,253
2014-06-04,137.092896,254
2014-06-05,137.921448,255
2014-06-06,138.692398,256
2014-06-09,138.8237,259
2014-06-10,138.913956,260
2014-06-11,138.093674,261
2014-06-12,137.224152,262
2014-06-13,137.494873,263
2014-06-16,137.552261,266
2014-06-17,137.806564,267
2014-06-18,138.569412,268
2014-06-19,138.700668,269
2014-06-20,138.960419,270
2014-06-23,138.820602,273
2014-06-24,137.965836,274
2014-06-25,138.302826,275
2014-06-26,138.138489,276
2014-06-27,138.212402,277
2014-06-30,137.982269,280
2014-07-01,139.058945,281
2014-07-02,139.223312,282
2014-07-03,140.102753,283
2014-07-07,139.601425,287
2014-07-08,138.771301,288
2014-07-09,139.371292,289
2014-07-10,138.861694,290
2014-07-11,139.058945,291
2014-07-14,139.954803,294
2014-07-15,140.028793,295
2014-07-16,140.595871,296
2014-07-17,139.39592,297
2014-07-18,140.343689,298
2014-07-21,140.014587,301
2014-07-22,140.475403,302
2014-07-23,140.32724,303
2014-07-24,140.228592,304
2014-07-25,139.175491,305
2014-07-28,139.381088,308
2014-07-29,138.862808,309
2014-07-30,138.615952,310
2014-07-31,135.991394,311
2014-08-01,135.399033,312
2014-08-04,136.024292,315
2014-08-05,134.864166,316
2014-08-06,135.094543,317
2014-08-07,134.559845,318
2014-08-08,136.032578,319
2014-08-11,136.205338,322
2014-08-12,136.156021,323
2014-08-13,136.978668,324
2014-08-14,137.480606,325
2014-08-15,137.1064,326
2014-08-18,138.515762,329
2014-08-19,139.199905,330
2014-08-20,139.78511,331
2014-08-21,140.263046,332
2014-08-22,140.007599,333
2014-08-25,140.625717,336
2014-08-26,140.881256,337
2014-08-27,140.947128,338
2014-08-28,140.749329,339
2014-08-29,140.840042,340
2014-09-02,140.592728,344
2014-09-03,140.708191,345
2014-09-04,140.658661,346
2014-09-05,141.144943,347
2014-09-08,140.988373,350
2014-09-09,140.213684,351
2014-09-10,140.666992,352
2014-09-11,140.53508,353
2014-09-12,140.032349,354
2014-09-15,140.378525,357
2014-09-16,141.252136,358
2014-09-17,141.417007,359
2014-09-18,142.265991,360
2014-09-19,142.474976,361
2014-09-22,141.615723,364
2014-09-23,140.624359,365
2014-09-24,141.929611,366
2014-09-25,139.76506,367
2014-09-26,141.02916,368
2014-09-29,140.723434,371
2014-09-30,140.50856,372
2014-10-01,138.533997,373
2014-10-02,138.509323,374
2014-10-03,140.219482,375
2014-10-06,140.095459,378
2014-10-07,137.856583,379
2014-10-08,140.136841,380
2014-10-09,137.427032,381
2014-10-10,136.493439,382
2014-10-13,134.609711,385
2014-10-14,134.692291,386
2014-10-15,133.246475,387
2014-10-16,132.998611,388
2014-10-17,135.039291,389
2014-10-20,135.204559,392
2014-10-21,136.980743,393
2014-10-22,135.807739,394
2014-10-23,137.517899,395
2014-10-24,138.583618,396
2014-10-27,138.699387,399
2014-10-28,140.169907,400
2014-10-29,139.955032,401
2014-10-30,141.772751,402
2014-10-31,143.301163,403
2014-11-03,143.226822,406
2014-11-04,143.309402,407
2014-11-05,144.209915,408
2014-11-06,144.821304,409
2014-11-07,145.060852,410
2014-11-10,145.366501,413
2014-11-11,145.424454,414
2014-11-12,145.440933,415
2014-11-13,145.771439,416
2014-11-14,145.697083,417
2014-11-17,145.812714,420
2014-11-18,146.201004,421
2014-11-19,146.176178,422
2014-11-20,146.440506,423
2014-11-21,147.184387,424
2014-11-24,147.267227,427
2014-11-25,147.39975,428
2014-11-26,147.441101,429
2014-11-28,147.515717,431
2014-12-01,147.101532,434
2014-12-02,147.896759,435
2014-12-03,148.227936,436
2014-12-04,148.120407,437
2014-12-05,148.683533,438
2014-12-08,147.880157,441
2014-12-09,147.39975,442
2014-12-10,145.188278,443
2014-12-11,145.801178,444
2014-12-12,143.291473,445
2014-12-15,142.289276,448
2014-12-16,141.510727,449
2014-12-17,143.780167,450
2014-12-18,147.258926,451
2014-12-19,147.460602,452
2014-12-22,148.88002,455
2014-12-23,149.436218,456
2014-12-24,149.436218,457
2014-12-26,149.569016,459
2014-12-29,149.50264,462
2014-12-30,148.963074,463
2014-12-31,147.65155,464
2015-01-02,147.701355,466
2015-01-05,145.128174,469
2015-01-06,143.924561,470
2015-01-07,145.750641,471
2015-01-08,148.382034,472
2015-01-09,147.103775,473
2015-01-12,146.290237,476
2015-01-13,146.074448,477
2015-01-14,144.480728,478
2015-01-15,143.650757,479
2015-01-16,145.111115,480
2015-01-20,145.302277,484
2015-01-21,145.676117,485
2015-01-22,147.811218,486
2015-01-23,146.556686,487
2015-01-26,146.631409,490
2015-01-27,144.213943,491
2015-01-28,142.66037,492
2015-01-29,144.471466,493
2015-01-30,142.436066,494
2015-02-02,143.948044,497
2015-02-03,146.49028,498
2015-02-04,146.656326,499
2015-02-05,148.334549,500
2015-02-06,147.952408,501
2015-02-09,147.121628,504
2015-02-10,148.30127,505
2015-02-11,148.459198,506
2015-02-12,149.406265,507
2015-02-13,149.821686,508
2015-02-17,150.012817,512
2015-02-18,149.929718,513
2015-02-19,149.613907,514
2015-02-20,150.89682,515
2015-02-23,150.713638,518
2015-02-24,151.538239,519
2015-02-25,151.579987,520
2015-02-26,151.621552,521
2015-02-27,150.938568,522
2015-03-02,152.179703,525
2015-03-03,151.504929,526
2015-03-04,150.596954,527
2015-03-05,150.921799,528
2015-03-06,148.614304,529
2015-03-09,149.780533,532
2015-03-10,147.18988,533
2015-03-11,146.90657,534
2015-03-12,149.089172,535
2015-03-13,147.91452,536
2015-03-16,149.76384,539
2015-03-17,148.697601,540
2015-03-18,150.555359,541
2015-03-19,149.664001,542
2015-03-20,151.008255,543
2015-03-23,150.916473,546
2015-03-24,150.065323,547
2015-03-25,147.636948,548
2015-03-26,147.269806,549
2015-03-27,147.545181,550
2015-03-30,149.69812,553
2015-03-31,148.18779,554
2015-04-01,147.486755,555
2015-04-02,147.979111,556
2015-04-06,149.030609,560
2015-04-07,148.888687,561
2015-04-08,149.164139,562
2015-04-09,149.706436,563
2015-04-10,150.515869,564
2015-04-13,149.906784,567
2015-04-14,150.357422,568
2015-04-15,150.941452,569
2015-04-16,150.966568,570
2015-04-17,148.585052,571
2015-04-20,150.330231,574
2015-04-21,149.687363,575
2015-04-22,150.355347,576
2015-04-23,150.614151,577
2015-04-24,150.756149,578
2015-04-27,150.447189,581
2015-04-28,151.006653,582
2015-04-29,150.363647,583
2015-04-30,148.785492,584
2015-05-01,150.221771,585
2015-05-04,150.672623,588
2015-05-05,149.478531,589
2015-05-06,148.9608,590
2015-05-07,149.704025,591
2015-05-08,151.850082,592
2015-05-11,151.207062,595
2015-05-12,150.906433,596
2015-05-13,150.931473,597
2015-05-14,152.426208,598
2015-05-15,152.713196,599
2015-05-18,152.880676,602
2015-05-19,153.089859,603
2015-05-20,152.905731,604
2015-05-21,152.972656,605
2015-05-22,152.529144,606
2015-05-26,150.947403,610
2015-05-27,151.909866,611
2015-05-28,151.717346,612
2015-05-29,150.729904,613
2015-06-01,150.972473,616
2015-06-02,150.763245,617
2015-06-03,151.374176,618
2015-06-04,149.976624,619
2015-06-05,149.382492,620
2015-06-08,148.804916,623
2015-06-09,148.721252,624
2015-06-10,150.688004,625
2015-06-11,151.173355,626
2015-06-12,149.909683,627
2015-06-15,149.047714,630
2015-06-16,149.976624,631
2015-06-17,150.202606,632
2015-06-18,151.750824,633
2015-06-19,150.836212,634
2015-06-22,151.809601,637
2015-06-23,151.977341,638
2015-06-24,150.542526,639
2015-06-25,149.904755,640
2015-06-26,150.307541,641
2015-06-29,147.379105,644
2015-06-30,147.530197,645
2015-07-01,148.855957,646
2015-07-02,148.562286,647
2015-07-06,148.251801,651
2015-07-07,149.048965,652
2015-07-08,146.842163,653
2015-07-09,147.060211,654
2015-07-10,148.864365,655
2015-07-13,150.701996,658
2015-07-14,151.314453,659
2015-07-15,151.322906,660
2015-07-16,151.935455,661
2015-07-17,151.634766,662
2015-07-20,151.760712,665
2015-07-21,150.316147,666
2015-07-22,149.753342,667
2015-07-23,148.795883,668
2015-07-24,147.418442,669
2015-07-27,146.334976,672
2015-07-28,147.914001,673
2015-07-29,148.879944,674
2015-07-30,148.846268,675
2015-07-31,148.392776,676
2015-08-03,147.611679,679
2015-08-04,147.250504,680
2015-08-05,147.284073,681
2015-08-06,146.326645,682
2015-08-07,146.007431,683
2015-08-10,147.981201,686
2015-08-11,146.234238,687
2015-08-12,146.318268,688
2015-08-13,146.402222,689
2015-08-14,146.897766,690
2015-08-17,147.569641,693
2015-08-18,147.258881,694
2015-08-19,145.923569,695
2015-08-20,142.967056,696
2015-08-21,138.534882,697
2015-08-24,133.453888,700
2015-08-25,131.861374,701
2015-08-26,137.060242,702
2015-08-27,140.253845,703
2015-08-28,140.152695,704
2015-08-31,139.183701,707
2015-09-01,135.206497,708
2015-09-02,137.734421,709
2015-09-03,137.911285,710
2015-09-04,135.636124,711
2015-09-08,138.956146,715
2015-09-09,136.942352,716
2015-09-10,137.675415,717
2015-09-11,138.51796,718
2015-09-14,137.99556,721
2015-09-15,139.967316,722
2015-09-16,141.146927,723
2015-09-17,140.557098,724
2015-09-18,138.073334,725
2015-09-21,139.221527,728
2015-09-22,137.617355,729
2015-09-23,137.271194,730
2015-09-24,136.663315,731
2015-09-25,137.516083,732
2015-09-28,134.907288,735
2015-09-29,135.278717,736
2015-09-30,137.296524,737
2015-10-01,137.186783,738
2015-10-02,138.951355,739
2015-10-05,141.484253,742
2015-10-06,141.577011,743
2015-10-07,142.640778,744
2015-10-08,143.839676,745
2015-10-09,144.168976,746
2015-10-12,144.51506,749
2015-10-13,144.067566,750
2015-10-14,142.742111,751
2015-10-15,144.641846,752
2015-10-16,145.182373,753
2015-10-19,145.385071,756
2015-10-20,145.292206,757
2015-10-21,144.844528,758
2015-10-22,147.648788,759
2015-10-23,148.97496,760
2015-10-26,148.679306,763
2015-10-27,148.383636,764
2015-10-28,150.081467,765
2015-10-29,149.828049,766
2015-10-30,149.076324,767
2015-11-02,150.453064,770
2015-11-03,151.255524,771
2015-11-04,150.900757,772
2015-11-05,150.892334,773
2015-11-06,151.314606,774
2015-11-09,149.861832,777
2015-11-10,150.165878,778
2015-11-11,149.684509,779
2015-11-12,147.538956,780
2015-11-13,145.799026,781
2015-11-16,147.83461,784
2015-11-17,147.952835,785
2015-11-18,150.123627,786
2015-11-19,150.06456,787
2015-11-20,150.889038,788
2015-11-23,150.617935,791
2015-11-24,150.821243,792
2015-11-25,150.778854,793
2015-11-27,150.75351,795
2015-11-30,150.18573,798
2015-12-01,151.524628,799
2015-12-02,150.236588,800
2015-12-03,148.151947,801
2015-12-04,151.194122,802
2015-12-07,150.278946,805
2015-12-08,148.948471,806
2015-12-09,148.287537,807
2015-12-10,149.041687,808
2015-12-11,146.372375,809
2015-12-14,147.363831,812
2015-12-15,148.685837,813
2015-12-16,150.53302,814
2015-12-17,148.380783,815
2015-12-18,145.244934,816
2015-12-21,146.30658,819
2015-12-22,147.801422,820
2015-12-23,149.330383,821
2015-12-24,148.829269,822
2015-12-28,148.625397,826
2015-12-29,150.324173,827
2015-12-30,149.321884,828
2015-12-31,147.784454,829
2016-01-04,145.49115,833
2016-01-05,145.576096,834
2016-01-06,143.495132,835
2016-01-07,140.114487,836
2016-01-08,138.65361,837
2016-01-11,139.154724,840
2016-01-12,140.106094,841
2016-01-13,137.048264,842
2016-01-14,138.950943,843
2016-01-15,135.701187,844
2016-01-19,135.990097,848
2016-01-20,133.941971,849
2016-01-21,134.78334,850
2016-01-22,136.64447,851
2016-01-25,134.86824,854
2016-01-26,137.281845,855
2016-01-27,135.378204,856
2016-01-28,136.406433,857
2016-01-29,139.686829,858
2016-02-01,139.661377,861
2016-02-02,137.171387,862
2016-02-03,138.692566,863
2016-02-04,139.491409,864
2016-02-05,137.62178,865
2016-02-08,136.270523,868
2016-02-09,136.177032,869
2016-02-10,135.45462,870
2016-02-11,133.253647,871
2016-02-12,135.956116,872
2016-02-16,137.842712,876
2016-02-17,140.162766,877
2016-02-18,139.814331,878
2016-02-19,139.637817,879
2016-02-22,141.548508,882
2016-02-23,140.021591,883
2016-02-24,140.465134,884
2016-02-25,142.316147,885
2016-02-26,141.83847,886
2016-02-29,140.71254,889
2016-03-01,143.749313,890
2016-03-02,144.064835,891
2016-03-03,144.457275,892
2016-03-04,145.028763,893
2016-03-07,145.540588,896
2016-03-08,144.687546,897
2016-03-09,145.028763,898
2016-03-10,145.062805,899
2016-03-11,146.913895,900
2016-03-14,147.067444,903
2016-03-15,147.263687,904
2016-03-16,147.971664,905
2016-03-17,149.225601,906
2016-03-18,150.187302,907
2016-03-21,150.460754,910
2016-03-22,150.195801,911
2016-03-23,149.435059,912
2016-03-24,149.546143,913
2016-03-28,149.700027,917
2016-03-29,150.512161,918
2016-03-30,151.21312,919
2016-03-31,150.999405,920
2016-04-01,151.922607,921
2016-04-04,151.409683,924
2016-04-05,150.298462,925
2016-04-06,151.341354,926
2016-04-07,149.845352,927
2016-04-08,150.161636,928
2016-04-11,149.973587,931
2016-04-12,151.384033,932
2016-04-13,152.948425,933
2016-04-14,153.110825,934
2016-04-15,152.854187,935
2016-04-18,153.795242,938
2016-04-19,154.257202,939
2016-04-20,154.625,940
2016-04-21,153.72673,941
2016-04-22,153.897842,942
2016-04-25,153.589874,945
2016-04-26,153.67543,946
2016-04-27,154.197281,947
2016-04-28,152.443527,948
2016-04-29,151.921753,949
2016-05-02,152.871292,952
2016-05-03,151.673676,953
2016-05-04,150.835327,954
2016-05-05,150.937973,955
2016-05-06,151.707809,956
2016-05-09,151.399887,959
2016-05-10,153.299026,960
2016-05-11,151.673676,961
2016-05-12,151.776367,962
2016-05-13,150.11676,963
2016-05-16,151.639435,966
2016-05-17,150.185287,967
2016-05-18,150.245071,968
2016-05-19,149.432404,969
2016-05-20,150.026352,970
2016-05-23,150.043564,973
2016-05-24,151.829224,974
2016-05-25,153.048172,975
2016-05-26,152.876587,976
2016-05-27,153.237137,977
2016-05-31,152.507431,981
2016-06-01,152.57608,982
2016-06-02,153.048172,983
2016-06-03,152.859421,984
2016-06-06,153.820877,987
2016-06-07,153.992615,988
2016-06-08,154.57634,989
2016-06-09,154.421829,990
2016-06-10,153.417374,991
2016-06-13,152.258408,994
2016-06-14,151.786224,995
2016-06-15,151.580246,996
2016-06-16,152.344299,997
2016-06-17,151.841095,998
2016-06-20,152.942169,"1,001"
2016-06-21,153.165787,"1,002"
2016-06-22,152.744385,"1,003"
2016-06-23,154.671097,"1,004"
2016-06-24,149.346497,"1,005"
2016-06-27,147.264923,"1,008"
2016-06-28,149.518555,"1,009"
2016-06-29,151.944244,"1,010"
2016-06-30,153.974335,"1,011"
2016-07-01,154.240997,"1,012"
2016-07-05,153.29483,"1,016"
2016-07-06,153.957123,"1,017"
2016-07-07,153.793716,"1,018"
2016-07-08,155.952835,"1,019"
2016-07-11,156.658157,"1,022"
2016-07-12,157.75058,"1,023"
2016-07-13,157.931213,"1,024"
2016-07-14,159.101059,"1,025"
2016-07-15,159.148422,"1,026"
2016-07-18,159.320602,"1,029"
2016-07-19,159.613297,"1,030"
2016-07-20,159.923096,"1,031"
2016-07-21,159.234512,"1,032"
2016-07-22,159.690735,"1,033"
2016-07-25,159.088135,"1,036"
2016-07-26,158.907379,"1,037"
2016-07-27,158.890167,"1,038"
2016-07-28,158.717926,"1,039"
2016-07-29,158.502792,"1,040"
2016-08-01,158.279037,"1,043"
2016-08-02,157.504288,"1,044"
2016-08-03,157.839981,"1,045"
2016-08-04,157.917435,"1,046"
2016-08-05,159.475586,"1,047"
2016-08-08,159.492752,"1,050"
2016-08-09,159.55304,"1,051"
2016-08-10,159.354996,"1,052"
2016-08-11,160.370834,"1,053"
2016-08-12,160.026459,"1,054"
2016-08-15,160.560211,"1,057"
2016-08-16,159.905975,"1,058"
2016-08-17,160.198715,"1,059"
2016-08-18,160.405334,"1,060"
2016-08-19,160.090744,"1,061"
2016-08-22,159.918015,"1,064"
2016-08-23,160.073517,"1,065"
2016-08-24,159.520676,"1,066"
2016-08-25,159.270126,"1,067"
2016-08-26,158.794983,"1,068"
2016-08-29,159.667526,"1,071"
2016-08-30,159.391022,"1,072"
2016-08-31,158.898651,"1,073"
2016-09-01,159.036835,"1,074"
2016-09-02,159.69342,"1,075"
2016-09-06,160.090744,"1,079"
2016-09-07,160.090744,"1,080"
2016-09-08,159.65892,"1,081"
2016-09-09,156.281174,"1,082"
2016-09-12,158.345779,"1,085"
2016-09-13,156.186172,"1,086"
2016-09-14,155.866531,"1,087"
2016-09-15,157.447311,"1,088"
2016-09-16,156.637222,"1,089"
2016-09-19,156.645874,"1,092"
2016-09-20,156.706467,"1,093"
2016-09-21,158.100021,"1,094"
2016-09-22,158.965469,"1,095"
2016-09-23,157.892258,"1,096"
2016-09-26,156.446793,"1,099"
2016-09-27,157.528763,"1,100"
2016-09-28,158.480804,"1,101"
2016-09-29,156.853592,"1,102"
2016-09-30,158.203934,"1,103"
2016-10-03,157.805725,"1,106"
2016-10-04,157.078674,"1,107"
2016-10-05,158.100021,"1,108"
2016-10-06,157.978806,"1,109"
2016-10-07,157.719162,"1,110"
2016-10-10,158.498154,"1,113"
2016-10-11,156.836304,"1,114"
2016-10-12,156.983475,"1,115"
2016-10-13,156.524643,"1,116"
2016-10-14,156.914185,"1,117"
2016-10-17,156.420883,"1,120"
2016-10-18,156.983475,"1,121"
2016-10-19,157.528763,"1,122"
2016-10-20,157.130539,"1,123"
2016-10-21,157.009277,"1,124"
2016-10-24,157.650391,"1,127"
2016-10-25,157.234558,"1,128"
2016-10-26,157.485886,"1,129"
2016-10-27,157.277847,"1,130"
2016-10-28,157.130615,"1,131"
2016-10-31,156.966003,"1,134"
2016-11-01,156.056198,"1,135"
2016-11-02,155.389175,"1,136"
2016-11-03,155.181152,"1,137"
2016-11-04,154.834625,"1,138"
2016-11-07,157.996979,"1,141"
2016-11-08,158.880783,"1,142"
2016-11-09,161.116058,"1,143"
2016-11-10,162.996094,"1,144"
2016-11-11,163.29068,"1,145"
2016-11-14,163.550598,"1,148"
2016-11-15,164.04451,"1,149"
2016-11-16,163.73259,"1,150"
2016-11-17,164.009811,"1,151"
2016-11-18,163.743088,"1,152"
2016-11-21,164.507675,"1,155"
2016-11-22,165.098495,"1,156"
2016-11-23,165.593674,"1,157"
2016-11-25,166.210648,"1,159"
2016-11-28,165.758759,"1,162"
2016-11-29,166.115067,"1,163"
2016-11-30,166.297455,"1,164"
2016-12-01,166.731949,"1,165"
2016-12-02,166.592926,"1,166"
2016-12-05,167.009903,"1,169"
2016-12-06,167.244507,"1,170"
2016-12-07,169.842407,"1,171"
2016-12-08,170.53746,"1,172"
2016-12-09,171.762573,"1,173"
2016-12-12,172.10141,"1,176"
2016-12-13,173.100571,"1,177"
2016-12-14,172.153488,"1,178"
2016-12-15,172.605347,"1,179"
2016-12-16,172.572205,"1,180"
2016-12-19,172.929245,"1,183"
2016-12-20,173.64325,"1,184"
2016-12-21,173.416779,"1,185"
2016-12-22,173.251434,"1,186"
2016-12-23,173.321091,"1,187"
2016-12-27,173.460434,"1,191"
2016-12-28,172.476486,"1,192"
2016-12-29,172.398071,"1,193"
2016-12-30,171.980072,"1,194"
2017-01-03,172.772476,"1,198"
2017-01-04,173.408188,"1,199"
2017-01-05,173.05983,"1,200"
2017-01-06,173.721603,"1,201"
2017-01-09,173.068588,"1,204"
2017-01-10,172.755066,"1,205"
2017-01-11,173.56488,"1,206"
2017-01-12,173.05983,"1,207"
2017-01-13,173.016281,"1,208"
2017-01-17,172.485153,"1,212"
2017-01-18,172.363251,"1,213"
2017-01-19,171.779816,"1,214"
2017-01-20,172.540741,"1,215"
2017-01-23,172.383896,"1,218"
2017-01-24,173.307739,"1,219"
2017-01-25,174.684937,"1,220"
2017-01-26,174.94635,"1,221"
2017-01-27,174.867935,"1,222"
2017-01-30,173.778503,"1,225"
2017-01-31,172.889374,"1,226"
2017-02-01,173.12471,"1,227"
2017-02-02,173.107285,"1,228"
2017-02-03,174.649979,"1,229"
2017-02-06,174.562805,"1,232"
2017-02-07,174.824326,"1,233"
2017-02-08,174.763351,"1,234"
2017-02-09,175.817963,"1,235"
2017-02-10,176.707016,"1,236"
2017-02-13,177.979492,"1,239"
2017-02-14,178.824921,"1,240"
2017-02-15,179.879623,"1,241"
2017-02-16,179.966736,"1,242"
2017-02-17,179.932602,"1,243"
2017-02-21,180.972687,"1,247"
2017-02-22,181.304794,"1,248"
2017-02-23,181.628204,"1,249"
2017-02-24,181.724258,"1,250"
2017-02-27,182.038895,"1,253"
2017-02-28,181.768005,"1,254"
2017-03-01,184.424911,"1,255"
2017-03-02,183.437286,"1,256"
2017-03-03,183.454758,"1,257"
2017-03-06,183.078934,"1,260"
2017-03-07,182.808044,"1,261"
2017-03-08,182.318619,"1,262"
2017-03-09,182.371063,"1,263"
2017-03-10,182.790512,"1,264"
2017-03-13,182.606979,"1,267"
2017-03-14,182.257385,"1,268"
2017-03-15,183.166382,"1,269"
2017-03-16,183.044037,"1,270"
2017-03-17,182.893372,"1,271"
2017-03-20,182.849609,"1,274"
2017-03-21,180.695389,"1,275"
2017-03-22,180.748001,"1,276"
2017-03-23,180.660416,"1,277"
2017-03-24,180.170044,"1,278"
2017-03-27,179.714676,"1,281"
2017-03-28,181.045654,"1,282"
2017-03-29,180.660416,"1,283"
2017-03-30,181.229568,"1,284"
2017-03-31,180.686707,"1,285"
2017-04-03,180.607864,"1,288"
2017-04-04,180.95816,"1,289"
2017-04-05,180.616608,"1,290"
2017-04-06,180.78302,"1,291"
2017-04-07,180.72171,"1,292"
2017-04-10,180.730392,"1,295"
2017-04-11,180.677917,"1,296"
2017-04-12,180.099991,"1,297"
2017-04-13,178.961548,"1,298"
2017-04-17,180.537796,"1,302"
2017-04-18,179.583267,"1,303"
2017-04-19,178.506195,"1,304"
2017-04-20,180.126266,"1,305"
2017-04-21,179.891403,"1,306"
2017-04-24,181.758224,"1,309"
2017-04-25,183.774048,"1,310"
2017-04-26,183.58992,"1,311"
2017-04-27,183.668823,"1,312"
2017-04-28,183.248123,"1,313"
2017-05-01,183.107834,"1,316"
2017-05-02,183.291977,"1,317"
2017-05-03,183.37088,"1,318"
2017-05-04,183.344604,"1,319"
2017-05-05,183.852921,"1,320"
2017-05-08,183.98439,"1,323"
2017-05-09,183.721344,"1,324"
2017-05-10,183.598724,"1,325"
2017-05-11,183.423416,"1,326"
2017-05-12,183.186768,"1,327"
2017-05-15,183.993134,"1,330"
2017-05-16,184.010696,"1,331"
2017-05-17,180.960617,"1,332"
2017-05-18,181.39006,"1,333"
2017-05-19,182.636505,"1,334"
2017-05-22,183.410141,"1,337"
2017-05-23,183.823212,"1,338"
2017-05-24,184.438507,"1,339"
2017-05-25,185.106613,"1,340"
2017-05-26,185.071487,"1,341"
2017-05-30,184.781311,"1,345"
2017-05-31,184.596786,"1,346"
2017-06-01,185.827454,"1,347"
2017-06-02,186.275803,"1,348"
2017-06-05,186.231781,"1,351"
2017-06-06,185.801041,"1,352"
2017-06-07,186.108734,"1,353"
2017-06-08,186.231781,"1,354"
2017-06-09,186.943787,"1,355"
2017-06-12,186.706436,"1,358"
2017-06-13,187.559082,"1,359"
2017-06-14,187.972244,"1,360"
2017-06-15,187.840347,"1,361"
2017-06-16,188.072861,"1,362"
2017-06-19,189.270584,"1,365"
2017-06-20,188.812683,"1,366"
2017-06-21,188.36351,"1,367"
2017-06-22,188.222626,"1,368"
2017-06-23,188.231476,"1,369"
2017-06-26,188.345932,"1,372"
2017-06-27,187.518112,"1,373"
2017-06-28,188.671783,"1,374"
2017-06-29,187.236298,"1,375"
2017-06-30,187.791046,"1,376"
2017-07-03,188.891922,"1,379"
2017-07-05,188.971207,"1,381"
2017-07-06,187.703033,"1,382"
2017-07-07,188.504425,"1,383"
2017-07-10,188.451584,"1,386"
2017-07-11,188.44281,"1,387"
2017-07-12,189.543579,"1,388"
2017-07-13,189.74614,"1,389"
2017-07-14,190.450684,"1,390"
2017-07-17,190.415527,"1,393"
2017-07-18,189.957565,"1,394"
2017-07-19,190.50351,"1,395"
2017-07-20,190.389069,"1,396"
2017-07-21,190.015198,"1,397"
2017-07-24,189.62735,"1,400"
2017-07-25,190.306213,"1,401"
2017-07-26,191.143753,"1,402"
2017-07-27,191.945908,"1,403"
2017-07-28,192.21048,"1,404"
2017-07-31,192.810013,"1,407"
2017-08-01,193.400665,"1,408"
2017-08-02,193.859177,"1,409"
2017-08-03,194.008957,"1,410"
2017-08-04,194.458572,"1,411"
2017-08-07,194.705521,"1,414"
2017-08-08,194.564392,"1,415"
2017-08-09,194.396881,"1,416"
2017-08-10,192.721832,"1,417"
2017-08-11,192.810013,"1,418"
2017-08-14,193.929672,"1,421"
2017-08-15,194.097168,"1,422"
2017-08-16,194.370407,"1,423"
2017-08-17,192.025238,"1,424"
2017-08-18,191.361618,"1,425"
2017-08-21,191.547256,"1,428"
2017-08-22,193.270523,"1,429"
2017-08-23,192.590012,"1,430"
2017-08-24,192.360199,"1,431"
2017-08-25,192.696106,"1,432"
2017-08-28,192.607666,"1,435"
2017-08-29,193.182175,"1,436"
2017-08-30,193.482635,"1,437"
2017-08-31,194.004105,"1,438"
2017-09-01,194.357559,"1,439"
2017-09-05,192.369186,"1,443"
2017-09-06,192.881668,"1,444"
2017-09-07,192.757919,"1,445"
2017-09-08,192.872849,"1,446"
2017-09-11,195.09993,"1,449"
2017-09-12,195.683243,"1,450"
2017-09-13,195.983704,"1,451"
2017-09-14,196.478683,"1,452"
2017-09-15,196.999344,"1,453"
2017-09-18,197.628128,"1,456"
2017-09-19,198.000137,"1,457"
2017-09-20,198.283417,"1,458"
2017-09-21,197.902618,"1,459"
2017-09-22,197.663528,"1,460"
2017-09-25,197.326996,"1,463"
2017-09-26,197.211838,"1,464"
2017-09-27,197.592697,"1,465"
2017-09-28,198.017761,"1,466"
2017-09-29,198.212646,"1,467"
2017-10-02,199.470093,"1,470"
2017-10-03,200.355774,"1,471"
2017-10-04,200.506287,"1,472"
2017-10-05,201.595535,"1,473"
2017-10-06,201.515839,"1,474"
2017-10-09,201.498108,"1,477"
2017-10-10,202.144623,"1,478"
2017-10-11,202.454544,"1,479"
2017-10-12,202.206604,"1,480"
2017-10-13,202.560852,"1,481"
2017-10-16,203.198456,"1,484"
2017-10-17,203.552734,"1,485"
2017-10-18,204.978516,"1,486"
2017-10-19,205.146713,"1,487"
2017-10-20,206.620667,"1,488"
2017-10-23,206.195267,"1,491"
2017-10-24,207.648773,"1,492"
2017-10-25,206.647293,"1,493"
2017-10-26,207.25882,"1,494"
2017-10-27,207.542435,"1,495"
2017-10-30,206.797958,"1,498"
2017-10-31,207.063828,"1,499"
2017-11-01,207.560104,"1,500"
2017-11-02,208.242661,"1,501"
2017-11-03,208.437515,"1,502"
2017-11-06,208.641464,"1,505"
2017-11-07,208.650314,"1,506"
2017-11-08,208.68573,"1,507"
2017-11-09,208.029892,"1,508"
2017-11-10,207.772919,"1,509"
2017-11-13,207.976715,"1,512"
2017-11-14,207.639893,"1,513"
2017-11-15,206.470032,"1,514"
2017-11-16,208.198334,"1,515"
2017-11-17,207.347122,"1,516"
2017-11-20,208.022308,"1,519"
2017-11-21,209.426086,"1,520"
2017-11-22,208.928497,"1,521"
2017-11-24,209.195084,"1,523"
2017-11-27,209.426086,"1,526"
2017-11-28,211.744827,"1,527"
2017-11-29,212.7043,"1,528"
2017-11-30,215.742722,"1,529"
2017-12-01,215.396179,"1,530"
2017-12-04,215.982529,"1,533"
2017-12-05,215.005264,"1,534"
2017-12-06,214.658798,"1,535"
2017-12-07,215.316208,"1,536"
2017-12-08,216.435577,"1,537"
2017-12-11,216.924255,"1,540"
2017-12-12,218.052551,"1,541"
2017-12-13,218.816589,"1,542"
2017-12-14,218.168106,"1,543"
2017-12-15,219.273102,"1,544"
2017-12-18,220.644409,"1,547"
2017-12-19,220.297104,"1,548"
2017-12-20,220.003281,"1,549"
2017-12-21,220.528641,"1,550"
2017-12-22,220.297104,"1,551"
2017-12-26,220.163513,"1,555"
2017-12-27,220.368393,"1,556"
2017-12-28,220.947159,"1,557"
2017-12-29,220.279297,"1,558"
2018-01-02,220.849243,"1,562"
2018-01-03,221.677322,"1,563"
2018-01-04,223.146622,"1,564"
2018-01-05,225.034302,"1,565"
2018-01-08,224.918549,"1,568"
2018-01-09,226.01384,"1,569"
2018-01-10,225.835678,"1,570"
2018-01-11,227.607666,"1,571"
2018-01-12,229.655731,"1,572"
2018-01-16,229.566742,"1,576"
2018-01-17,232.478394,"1,577"
2018-01-18,231.659348,"1,578"
2018-01-19,232.126175,"1,579"
2018-01-22,233.409012,"1,582"
2018-01-23,233.31105,"1,583"
2018-01-24,233.934692,"1,584"
2018-01-25,234.986023,"1,585"
2018-01-26,236.910446,"1,586"
2018-01-29,235.351318,"1,589"
2018-01-30,232.197357,"1,590"
2018-01-31,232.927963,"1,591"
2018-02-01,233.088348,"1,592"
2018-02-02,227.127838,"1,593"
2018-02-05,216.739563,"1,596"
2018-02-06,221.809036,"1,597"
2018-02-07,221.630783,"1,598"
2018-02-08,212.641159,"1,599"
2018-02-09,215.63475,"1,600"
2018-02-12,219.323227,"1,603"
2018-02-13,219.679642,"1,604"
2018-02-14,222.111923,"1,605"
2018-02-15,224.962906,"1,606"
2018-02-16,225.056732,"1,607"
2018-02-20,222.725433,"1,611"
2018-02-21,221.269348,"1,612"
2018-02-22,222.850403,"1,613"
2018-02-23,225.905258,"1,614"
2018-02-26,229.487091,"1,617"
2018-02-27,226.84314,"1,618"
2018-02-28,223.484634,"1,619"
2018-03-01,219.715256,"1,620"
2018-03-02,219.152512,"1,621"
2018-03-05,222.269867,"1,624"
2018-03-06,222.269867,"1,625"
2018-03-07,221.617767,"1,626"
2018-03-08,222.537811,"1,627"
2018-03-09,226.485916,"1,628"
2018-03-12,225.056732,"1,631"
2018-03-13,223.502502,"1,632"
2018-03-14,221.412354,"1,633"
2018-03-15,222.412766,"1,634"
2018-03-16,222.908508,"1,635"
2018-03-19,220.05394,"1,638"
2018-03-20,221.118805,"1,639"
2018-03-21,220.689255,"1,640"
2018-03-22,214.192642,"1,641"
2018-03-23,210.407394,"1,642"
2018-03-26,216.393997,"1,645"
2018-03-27,213.235092,"1,646"
2018-03-28,213.226227,"1,647"
2018-03-29,216.018204,"1,648"
2018-04-02,211.320175,"1,652"
2018-04-03,214.899521,"1,653"
2018-04-04,216.966675,"1,654"
2018-04-05,219.159073,"1,655"
2018-04-06,213.986847,"1,656"
2018-04-09,214.523727,"1,659"
2018-04-10,218.353668,"1,660"
2018-04-11,216.447723,"1,661"
2018-04-12,219.069611,"1,662"
2018-04-13,217.968964,"1,663"
2018-04-16,219.794418,"1,666"
2018-04-17,221.745255,"1,667"
2018-04-18,221.369324,"1,668"
2018-04-19,220.644516,"1,669"
2018-04-20,218.891479,"1,670"
2018-04-23,218.77507,"1,673"
2018-04-24,214.960953,"1,674"
2018-04-25,215.507111,"1,675"
2018-04-26,217.673843,"1,676"
2018-04-27,217.521591,"1,677"
2018-04-30,216.259216,"1,680"
2018-05-01,215.560883,"1,681"
2018-05-02,214.083542,"1,682"
2018-05-03,214.07457,"1,683"
2018-05-04,217.136581,"1,684"
2018-05-07,217.942413,"1,687"
2018-05-08,217.942413,"1,688"
2018-05-09,219.715195,"1,689"
2018-05-10,221.559586,"1,690"
2018-05-11,222.526505,"1,691"
2018-05-14,223.180145,"1,694"
2018-05-15,221.425278,"1,695"
2018-05-16,222.016235,"1,696"
2018-05-17,221.810333,"1,697"
2018-05-18,221.771698,"1,698"
2018-05-21,224.411362,"1,701"
2018-05-22,222.831146,"1,702"
2018-05-23,223.235184,"1,703"
2018-05-24,222.588699,"1,704"
2018-05-25,222.103912,"1,705"
2018-05-29,218.584213,"1,709"
2018-05-30,221.502335,"1,710"
2018-05-31,219.239716,"1,711"
2018-06-01,221.197052,"1,712"
2018-06-04,222.849075,"1,715"
2018-06-05,222.804214,"1,716"
2018-06-06,225.830002,"1,717"
2018-06-07,226.736908,"1,718"
2018-06-08,227.401306,"1,719"
2018-06-11,227.509003,"1,722"
2018-06-12,227.428177,"1,723"
2018-06-13,226.422638,"1,724"
2018-06-14,226.251999,"1,725"
2018-06-15,225.46611,"1,726"
2018-06-18,224.557938,"1,729"
2018-06-19,221.995239,"1,730"
2018-06-20,221.617538,"1,731"
2018-06-21,219.855133,"1,732"
2018-06-22,220.925064,"1,733"
2018-06-25,217.885803,"1,736"
2018-06-26,218.209549,"1,737"
2018-06-27,216.815735,"1,738"
2018-06-28,217.679047,"1,739"
2018-06-29,218.263535,"1,740"
2018-07-02,218.263535,"1,743"
2018-07-03,217.3013,"1,744"
2018-07-05,219.000778,"1,746"
2018-07-06,219.944992,"1,747"
2018-07-09,222.858429,"1,750"
2018-07-10,224.108322,"1,751"
2018-07-11,222.175049,"1,752"
2018-07-12,224.171249,"1,753"
2018-07-13,224.980545,"1,754"
2018-07-16,225.403137,"1,757"
2018-07-17,225.951736,"1,758"
2018-07-18,226.626053,"1,759"
2018-07-19,225.511032,"1,760"
2018-07-20,225.482239,"1,761"
2018-07-23,225.320206,"1,764"
2018-07-24,227.075882,"1,765"
2018-07-25,228.70549,"1,766"
2018-07-26,229.695877,"1,767"
2018-07-27,228.92157,"1,768"
2018-07-30,227.67012,"1,771"
2018-07-31,228.840515,"1,772"
2018-08-01,227.886185,"1,773"
2018-08-02,227.877151,"1,774"
2018-08-03,229.038635,"1,775"
2018-08-06,229.452789,"1,778"
2018-08-07,230.596176,"1,779"
2018-08-08,230.146042,"1,780"
2018-08-09,229.731903,"1,781"
2018-08-10,228.057251,"1,782"
2018-08-13,226.922729,"1,785"
2018-08-14,227.976212,"1,786"
2018-08-15,226.670685,"1,787"
2018-08-16,230.434143,"1,788"
2018-08-17,231.433823,"1,789"
2018-08-20,232.263901,"1,792"
2018-08-21,232.841293,"1,793"
2018-08-22,232.038345,"1,794"
2018-08-23,231.415756,"1,795"
2018-08-24,232.642792,"1,796"
2018-08-27,235.105927,"1,799"
2018-08-28,235.16008,"1,800"
2018-08-29,235.782578,"1,801"
2018-08-30,234.591705,"1,802"
2018-08-31,234.447388,"1,803"
2018-09-04,234.339081,"1,807"
2018-09-05,234.510483,"1,808"
2018-09-06,234.84433,"1,809"
2018-09-07,234.167648,"1,810"
2018-09-10,233.626297,"1,813"
2018-09-11,234.60968,"1,814"
2018-09-12,234.808228,"1,815"
2018-09-13,236.18866,"1,816"
2018-09-14,236.287827,"1,817"
2018-09-17,235.466888,"1,820"
2018-09-18,237.208176,"1,821"
2018-09-19,238.570557,"1,822"
2018-09-20,240.934433,"1,823"
2018-09-21,241.500412,"1,824"
2018-09-24,239.963501,"1,827"
2018-09-25,239.339615,"1,828"
2018-09-26,238.480713,"1,829"
2018-09-27,238.905594,"1,830"
2018-09-28,239.041229,"1,831"
2018-10-01,241.147858,"1,834"
2018-10-02,241.907211,"1,835"
2018-10-03,242.250778,"1,836"
2018-10-04,240.71376,"1,837"
2018-10-05,238.968979,"1,838"
2018-10-08,239.430023,"1,841"
2018-10-09,238.887573,"1,842"
2018-10-10,231.50119,"1,843"
2018-10-11,226.266479,"1,844"
2018-10-12,229.005905,"1,845"
2018-10-15,228.138,"1,848"
2018-10-16,233.182785,"1,849"
2018-10-17,232.323822,"1,850"
2018-10-18,229.349472,"1,851"
2018-10-19,230.068604,"1,852"
2018-10-22,228.910614,"1,855"
2018-10-23,227.671341,"1,856"
2018-10-24,222.216339,"1,857"
2018-10-25,225.952484,"1,858"
2018-10-26,223.021408,"1,859"
2018-10-29,221.157852,"1,862"
2018-10-30,224.984497,"1,863"
2018-10-31,227.237091,"1,864"
2018-11-01,229.534897,"1,865"
2018-11-02,228.385971,"1,866"
2018-11-05,230.213348,"1,869"
2018-11-06,231.796494,"1,870"
2018-11-07,236.817261,"1,871"
2018-11-08,237.106735,"1,872"
2018-11-09,235.288422,"1,873"
2018-11-12,229.978149,"1,876"
2018-11-13,228.928741,"1,877"
2018-11-14,226.983826,"1,878"
2018-11-15,229.073563,"1,879"
2018-11-16,230.371063,"1,880"
2018-11-19,226.571655,"1,883"
2018-11-20,221.711212,"1,884"
2018-11-21,221.847244,"1,885"
2018-11-23,220.178757,"1,887"
2018-11-26,223.425095,"1,890"
2018-11-27,224.431656,"1,891"
2018-11-28,230.180756,"1,892"
2018-11-29,229.95401,"1,893"
2018-11-30,231.695068,"1,894"
2018-12-03,234.614868,"1,897"
2018-12-04,227.360535,"1,898"
2018-12-06,226.444702,"1,900"
2018-12-07,221.53894,"1,901"
2018-12-10,221.901672,"1,904"
2018-12-11,221.466446,"1,905"
2018-12-12,222.96257,"1,906"
2018-12-13,223.316345,"1,907"
2018-12-14,218.918381,"1,908"
2018-12-17,214.393448,"1,911"
2018-12-18,215.236786,"1,912"
2018-12-19,211.663986,"1,913"
2018-12-20,207.556183,"1,914"
2018-12-21,203.751907,"1,915"
2018-12-24,198.305511,"1,918"
2018-12-26,207.95256,"1,920"
2018-12-27,210.271194,"1,921"
2018-12-28,209.561996,"1,922"
2018-12-31,212.035095,"1,925"
2019-01-02,212.180618,"1,927"
2019-01-03,206.143265,"1,928"
2019-01-04,213.017075,"1,929"
2019-01-07,213.999039,"1,932"
2019-01-08,216.326706,"1,933"
2019-01-09,217.235947,"1,934"
2019-01-10,218.217941,"1,935"
2019-01-11,218.108841,"1,936"
2019-01-14,217.25412,"1,939"
2019-01-15,218.799896,"1,940"
2019-01-16,219.909149,"1,941"
2019-01-17,221.67308,"1,942"
2019-01-18,224.788544,"1,943"
2019-01-22,222.013336,"1,947"
2019-01-23,223.578369,"1,948"
2019-01-24,223.350906,"1,949"
2019-01-25,225.097885,"1,950"
2019-01-28,223.014267,"1,953"
2019-01-29,223.569275,"1,954"
2019-01-30,227.63652,"1,955"
2019-01-31,227.581894,"1,956"
2019-02-01,227.909424,"1,957"
2019-02-04,229.583633,"1,960"
2019-02-05,231.075882,"1,961"
2019-02-06,230.994003,"1,962"
2019-02-07,229.201553,"1,963"
2019-02-08,228.673767,"1,964"
2019-02-11,228.328033,"1,967"
2019-02-12,231.594543,"1,968"
2019-02-13,232.750122,"1,969"
2019-02-14,232.167755,"1,970"
2019-02-15,235.988815,"1,971"
2019-02-19,236.134796,"1,975"
2019-02-20,236.764313,"1,976"
2019-02-21,235.879318,"1,977"
2019-02-22,237.375656,"1,978"
2019-02-25,238.032593,"1,981"
2019-02-26,237.713242,"1,982"
2019-02-27,237.101929,"1,983"
2019-02-28,236.563644,"1,984"
2019-03-01,237.60376,"1,985"
2019-03-04,235.65123,"1,988"
2019-03-05,235.569183,"1,989"
2019-03-06,234.364807,"1,990"
2019-03-07,232.485291,"1,991"
2019-03-08,232.393997,"1,992"
2019-03-11,234.26445,"1,995"
2019-03-12,233.443314,"1,996"
2019-03-13,234.80275,"1,997"
2019-03-14,234.976074,"1,998"
2019-03-15,236.205887,"1,999"
2019-03-18,236.800125,"2,002"
2019-03-19,236.699585,"2,003"
2019-03-20,235.245804,"2,004"
2019-03-21,237.3396,"2,005"
2019-03-22,233.115463,"2,006"
2019-03-25,233.216019,"2,009"
2019-03-26,234.486923,"2,010"
2019-03-27,234.166946,"2,011"
2019-03-28,235.053757,"2,012"
2019-03-29,236.928207,"2,013"
2019-04-01,239.908798,"2,016"
2019-04-02,239.268799,"2,017"
2019-04-03,239.552216,"2,018"
2019-04-04,241.179749,"2,019"
2019-04-05,241.527206,"2,020"
2019-04-08,240.667709,"2,023"
2019-04-09,239.104248,"2,024"
2019-04-10,239.186523,"2,025"
2019-04-11,239.003708,"2,026"
2019-04-12,241.444931,"2,027"
2019-04-15,241.207199,"2,030"
2019-04-16,241.865463,"2,031"
2019-04-17,241.865463,"2,032"
2019-04-18,242.952408,"2,033"
2019-04-22,242.504028,"2,037"
2019-04-23,243.794022,"2,038"
2019-04-24,243.281754,"2,039"
2019-04-25,242.01001,"2,040"
2019-04-26,242.751038,"2,041"
2019-04-29,242.842651,"2,044"
2019-04-30,243.162766,"2,045"
2019-05-01,241.662399,"2,046"
2019-05-02,240.500534,"2,047"
2019-05-03,242.412659,"2,048"
2019-05-06,241.772217,"2,051"
2019-05-07,237.426605,"2,052"
2019-05-08,237.554657,"2,053"
2019-05-09,236.438507,"2,054"
2019-05-10,237.792496,"2,055"
2019-05-13,231.891617,"2,058"
2019-05-14,234.032425,"2,059"
2019-05-15,235.047928,"2,060"
2019-05-16,237.097275,"2,061"
2019-05-17,236.110367,"2,062"
2019-05-20,235.40416,"2,065"
2019-05-21,237.330109,"2,066"
2019-05-22,236.257126,"2,067"
2019-05-23,233.65242,"2,068"
2019-05-24,234.899689,"2,069"
2019-05-28,232.469315,"2,073"
2019-05-29,230.451538,"2,074"
2019-05-30,231.001816,"2,075"
2019-05-31,227.654251,"2,076"
2019-06-03,227.911057,"2,079"
2019-06-04,232.634354,"2,080"
2019-06-05,234.542053,"2,081"
2019-06-06,236.367172,"2,082"
2019-06-07,238.687576,"2,083"
2019-06-10,239.366241,"2,086"
2019-06-11,239.265366,"2,087"
2019-06-12,238.870972,"2,088"
2019-06-13,239.889008,"2,089"
2019-06-14,239.84314,"2,090"
2019-06-17,239.999054,"2,093"
2019-06-18,243.346649,"2,094"
2019-06-19,243.557648,"2,095"
2019-06-20,245.868881,"2,096"
2019-06-21,245.553574,"2,097"
2019-06-24,245.617828,"2,100"
2019-06-25,243.861969,"2,101"
2019-06-26,243.825134,"2,102"
2019-06-27,243.760849,"2,103"
2019-06-28,244.404343,"2,104"
2019-07-01,245.434021,"2,107"
2019-07-02,246.068329,"2,108"
2019-07-03,247.815079,"2,109"
2019-07-05,247.548386,"2,111"
2019-07-08,246.436066,"2,114"
2019-07-09,246.252136,"2,115"
2019-07-10,247.015182,"2,116"
2019-07-11,249.065247,"2,117"
2019-07-12,251.336166,"2,118"
2019-07-15,251.529205,"2,121"
2019-07-16,251.363693,"2,122"
2019-07-17,250.315643,"2,123"
2019-07-18,250.306458,"2,124"
2019-07-19,249.757111,"2,125"
2019-07-22,249.941162,"2,128"
2019-07-23,251.505325,"2,129"
2019-07-24,250.824448,"2,130"
2019-07-25,249.701843,"2,131"
2019-07-26,250.134323,"2,132"
2019-07-29,250.382706,"2,135"
2019-07-30,250.180344,"2,136"
2019-07-31,247.061295,"2,137"
2019-08-01,244.521866,"2,138"
2019-08-02,243.647766,"2,139"
2019-08-05,236.553894,"2,142"
2019-08-06,239.489029,"2,143"
2019-08-07,239.442978,"2,144"
2019-08-08,243.022156,"2,145"
2019-08-09,242.148026,"2,146"
2019-08-12,238.67012,"2,149"
2019-08-13,242.138885,"2,150"
2019-08-14,234.695328,"2,151"
2019-08-15,235.873001,"2,152"
2019-08-16,238.81955,"2,153"
2019-08-19,241.089005,"2,156"
2019-08-20,239.566818,"2,157"
2019-08-21,241.725433,"2,158"
2019-08-22,242.214386,"2,159"
2019-08-23,236.430206,"2,160"
2019-08-26,239.022461,"2,163"
2019-08-27,237.823257,"2,164"
2019-08-28,240.212524,"2,165"
2019-08-29,243.450546,"2,166"
2019-08-30,243.662766,"2,167"
2019-09-03,241.16275,"2,171"
2019-09-04,243.478241,"2,172"
2019-09-05,246.937683,"2,173"
2019-09-06,247.528046,"2,174"
2019-09-09,247.970917,"2,177"
2019-09-10,248.515121,"2,178"
2019-09-11,250.636887,"2,179"
2019-09-12,251.218124,"2,180"
2019-09-13,251.47644,"2,181"
2019-09-16,250.157242,"2,184"
2019-09-17,250.516953,"2,185"
2019-09-18,250.895233,"2,186"
2019-09-19,250.387848,"2,187"
2019-09-20,248.979584,"2,188"
2019-09-23,249.081146,"2,191"
2019-09-24,247.795883,"2,192"
2019-09-25,249.284607,"2,193"
2019-09-26,248.63736,"2,194"
2019-09-27,247.81427,"2,195"
2019-09-30,248.914795,"2,198"
2019-10-01,245.51178,"2,199"
2019-10-02,241.09169,"2,200"
2019-10-03,242.284546,"2,201"
2019-10-04,245.659668,"2,202"
2019-10-07,244.809052,"2,205"
2019-10-08,241.886871,"2,206"
2019-10-09,243.59761,"2,207"
2019-10-10,245.058792,"2,208"
2019-10-11,247.971512,"2,209"
2019-10-14,247.694138,"2,212"
2019-10-15,249.876511,"2,213"
2019-10-16,249.746964,"2,214"
2019-10-17,250.024399,"2,215"
2019-10-18,247.649139,"2,216"
2019-10-21,248.176544,"2,219"
2019-10-22,247.815628,"2,220"
2019-10-23,248.204346,"2,221"
2019-10-24,247.963837,"2,222"
2019-10-25,249.462692,"2,223"
2019-10-28,250.582367,"2,226"
2019-10-29,250.637894,"2,227"
2019-10-30,251.442871,"2,228"
2019-10-31,250.277039,"2,229"
2019-11-01,252.92337,"2,230"
2019-11-04,254.042953,"2,233"
2019-11-05,254.283646,"2,234"
2019-11-06,254.274261,"2,235"
2019-11-07,256.356323,"2,236"
2019-11-08,256.374756,"2,237"
2019-11-11,256.458099,"2,240"
2019-11-12,256.5784,"2,241"
2019-11-13,257.281555,"2,242"
2019-11-14,257.448059,"2,243"
2019-11-15,259.509918,"2,244"
2019-11-18,259.815826,"2,247"
2019-11-19,258.944366,"2,248"
2019-11-20,257.896881,"2,249"
2019-11-21,257.451813,"2,250"
2019-11-22,258.508636,"2,251"
2019-11-25,260.30719,"2,254"
2019-11-26,260.826294,"2,255"
2019-11-27,261.33606,"2,256"
2019-11-29,260.446106,"2,258"
2019-12-02,257.896881,"2,261"
2019-12-03,255.403152,"2,262"
2019-12-04,256.830811,"2,263"
2019-12-05,257.118042,"2,264"
2019-12-06,260.214294,"2,265"
2019-12-09,259.342987,"2,268"
2019-12-10,259.064911,"2,269"
2019-12-11,259.305969,"2,270"
2019-12-12,261.373199,"2,271"
2019-12-13,261.521484,"2,272"
2019-12-16,262.411438,"2,275"
2019-12-17,262.717316,"2,276"
2019-12-18,262.541199,"2,277"
2019-12-19,263.699982,"2,278"
2019-12-20,264.50528,"2,279"
2019-12-23,265.314362,"2,282"
2019-12-24,265.016693,"2,283"
2019-12-26,265.99292,"2,285"
2019-12-27,266.244019,"2,286"
2019-12-30,264.570343,"2,289"
2019-12-31,265.100342,"2,290"
2020-01-02,268.373383,"2,292"
2020-01-03,266.234772,"2,293"
2020-01-06,266.848389,"2,296"
2020-01-07,265.695374,"2,297"
2020-01-08,267.238953,"2,298"
2020-01-09,269.247467,"2,299"
2020-01-10,268.020081,"2,300"
2020-01-13,268.745331,"2,303"
2020-01-14,268.931366,"2,304"
2020-01-15,269.982086,"2,305"
2020-01-16,272.381073,"2,306"
2020-01-17,272.825684,"2,307"
2020-01-21,271.486023,"2,311"
2020-01-22,271.46756,"2,312"
2020-01-23,271.2164,"2,313"
2020-01-24,269.597717,"2,314"
2020-01-27,265.467133,"2,317"
2020-01-28,267.262573,"2,318"
2020-01-29,267.262573,"2,319"
2020-01-30,268.425415,"2,320"
2020-01-31,262.732208,"2,321"
2020-02-03,264.18335,"2,324"
2020-02-04,267.960297,"2,325"
2020-02-05,272.444397,"2,326"
2020-02-06,273.262878,"2,327"
2020-02-07,270.890778,"2,328"
2020-02-10,272.528015,"2,331"
2020-02-11,272.518799,"2,332"
2020-02-12,275.104828,"2,333"
2020-02-13,274.267761,"2,334"
2020-02-14,274.007172,"2,335"
2020-02-18,272.528015,"2,339"
2020-02-19,273.59787,"2,340"
2020-02-20,272.369843,"2,341"
2020-02-21,270.283997,"2,342"
2020-02-24,260.787598,"2,345"
2020-02-25,252.522507,"2,346"
2020-02-26,251.627075,"2,347"
2020-02-27,240.209,"2,348"
2020-02-28,237.46637,"2,349"
2020-03-02,249.098969,"2,352"
2020-03-03,241.888031,"2,353"
2020-03-04,252.699722,"2,354"
2020-03-05,243.903061,"2,355"
2020-03-06,241.468262,"2,356"
2020-03-09,222.690002,"2,359"
2020-03-10,233.651062,"2,360"
2020-03-11,220.003433,"2,361"
2020-03-12,197.866882,"2,362"
2020-03-13,216.523865,"2,363"
2020-03-16,188.892853,"2,366"
2020-03-17,199.135574,"2,367"
2020-03-18,186.001022,"2,368"
2020-03-19,187.792099,"2,369"
2020-03-20,179.550858,"2,370"
2020-03-23,174.152237,"2,373"
2020-03-24,193.342392,"2,374"
2020-03-25,198.413544,"2,375"
2020-03-26,210.586365,"2,376"
2020-03-27,202.427567,"2,377"
2020-03-30,208.743134,"2,380"
2020-03-31,205.122147,"2,381"
2020-04-01,195.906021,"2,382"
2020-04-02,200.191284,"2,383"
2020-04-03,197.047546,"2,384"
2020-04-06,211.952332,"2,387"
2020-04-07,212.017929,"2,388"
2020-04-08,219.250473,"2,389"
2020-04-09,221.8797,"2,390"
2020-04-13,218.904297,"2,394"
2020-04-14,224.256165,"2,395"
2020-04-15,219.952164,"2,396"
2020-04-16,220.19548,"2,397"
2020-04-17,226.954575,"2,398"
2020-04-20,221.53418,"2,401"
2020-04-21,215.524063,"2,402"
2020-04-22,219.783615,"2,403"
2020-04-23,220.064407,"2,404"
2020-04-24,222.648224,"2,405"
2020-04-27,225.915436,"2,408"
2020-04-28,225.700134,"2,409"
2020-04-29,230.717941,"2,410"
2020-04-30,227.694168,"2,411"
2020-05-01,222.133347,"2,412"
2020-05-04,222.264389,"2,415"
2020-05-05,223.556305,"2,416"
2020-05-06,221.740143,"2,417"
2020-05-07,223.659302,"2,418"
2020-05-08,228.068649,"2,419"
2020-05-11,227.076279,"2,422"
2020-05-12,222.882324,"2,423"
2020-05-13,217.958038,"2,424"
2020-05-14,221.637222,"2,425"
2020-05-15,222.220642,"2,426"
2020-05-18,230.68129,"2,429"
2020-05-19,227.20134,"2,430"
2020-05-20,230.493744,"2,431"
2020-05-21,229.827698,"2,432"
2020-05-22,229.696381,"2,433"
2020-05-26,234.73349,"2,437"
2020-05-27,239.911209,"2,438"
2020-05-28,238.579254,"2,439"
2020-05-29,238.52298,"2,440"
2020-06-01,239.442245,"2,443"
2020-06-02,241.862289,"2,444"
2020-06-03,246.852386,"2,445"
2020-06-04,247.002426,"2,446"
2020-06-05,254.703415,"2,447"
2020-06-08,259.149414,"2,450"
2020-06-09,256.429291,"2,451"
2020-06-10,253.690277,"2,452"
2020-06-11,236.403107,"2,453"
2020-06-12,240.82103,"2,454"
2020-06-15,242.331268,"2,457"
2020-06-16,247.462112,"2,458"
2020-06-17,245.586105,"2,459"
2020-06-18,245.239044,"2,460"
2020-06-19,243.454483,"2,461"
2020-06-22,244.884384,"2,464"
2020-06-23,245.9944,"2,465"
2020-06-24,239.531754,"2,466"
2020-06-25,242.17511,"2,467"
2020-06-26,235.533752,"2,468"
2020-06-29,240.73584,"2,471"
2020-06-30,242.579605,"2,472"
2020-07-01,242.052887,"2,473"
2020-07-02,243.097153,"2,474"
2020-07-06,247.405502,"2,478"
2020-07-07,243.680237,"2,479"
2020-07-08,245.260635,"2,480"
2020-07-09,241.986954,"2,481"
2020-07-10,245.354721,"2,482"
2020-07-13,245.561646,"2,485"
2020-07-14,250.782486,"2,486"
2020-07-15,252.965088,"2,487"
2020-07-16,251.610413,"2,488"
2020-07-17,251.121841,"2,489"
2020-07-20,251.197205,"2,492"
2020-07-21,252.628082,"2,493"
2020-07-22,254.172043,"2,494"
2020-07-23,251.074707,"2,495"
2020-07-24,249.191742,"2,496"
2020-07-27,250.378052,"2,499"
2020-07-28,248.476379,"2,500"
2020-07-29,249.954453,"2,501"
2020-07-30,247.864334,"2,502"
2020-07-31,248.87175,"2,503"
2020-08-03,251.102966,"2,506"
2020-08-04,252.694031,"2,507"
2020-08-05,256.07373,"2,508"
2020-08-06,257.862671,"2,509"
2020-08-07,258.540314,"2,510"
2020-08-10,261.854309,"2,513"
2020-08-11,260.9599,"2,514"
2020-08-12,263.643005,"2,515"
2020-08-13,263.059479,"2,516"
2020-08-14,263.417084,"2,517"
2020-08-17,262.616913,"2,520"
2020-08-18,261.910858,"2,521"
2020-08-19,261.185944,"2,522"
2020-08-20,261.600098,"2,523"
2020-08-21,263.509796,"2,524"
2020-08-24,267.179993,"2,527"
2020-08-25,266.651611,"2,528"
2020-08-26,267.415802,"2,529"
2020-08-27,268.934875,"2,530"
2020-08-28,270.501068,"2,531"
2020-08-31,268.217834,"2,534"
2020-09-01,270.585999,"2,535"
2020-09-02,274.756165,"2,536"
2020-09-03,267.330933,"2,537"
2020-09-04,265.849579,"2,538"
2020-09-08,259.858521,"2,542"
2020-09-09,264.037994,"2,543"
2020-09-10,260.20755,"2,544"
2020-09-11,261.434021,"2,545"
2020-09-14,264.679718,"2,548"
2020-09-15,264.726929,"2,549"
2020-09-16,265.151428,"2,550"
2020-09-17,263.773926,"2,551"
2020-09-18,261.520233,"2,552"
2020-09-21,256.715729,"2,555"
2020-09-22,258.011444,"2,556"
2020-09-23,253.065048,"2,557"
2020-09-24,253.556885,"2,558"
2020-09-25,256.9617,"2,559"
2020-09-28,260.933838,"2,562"
2020-09-29,259.534088,"2,563"
2020-09-30,262.447083,"2,564"
2020-10-01,263.052307,"2,565"
2020-10-02,261.784943,"2,566"
2020-10-05,266.239532,"2,569"
2020-10-06,262.655121,"2,570"
2020-10-07,267.573029,"2,571"
2020-10-08,268.868683,"2,572"
2020-10-09,270.419739,"2,573"
2020-10-12,272.812469,"2,576"
2020-10-13,271.18576,"2,577"
2020-10-14,269.663147,"2,578"
2020-10-15,269.578094,"2,579"
2020-10-16,270.568665,"2,580"
2020-10-19,266.84079,"2,583"
2020-10-20,267.711334,"2,584"
2020-10-21,266.784058,"2,585"
2020-10-22,268.373627,"2,586"
2020-10-23,268.080322,"2,587"
2020-10-26,262.081757,"2,590"
2020-10-27,259.867798,"2,591"
2020-10-28,251.18222,"2,592"
2020-10-29,252.232437,"2,593"
2020-10-30,250.784805,"2,594"
2020-11-02,254.701767,"2,597"
2020-11-03,259.858368,"2,598"
2020-11-04,263.510376,"2,599"
2020-11-05,268.619568,"2,600"
2020-11-06,267.966766,"2,601"
2020-11-09,276.009003,"2,604"
2020-11-10,278.648743,"2,605"
2020-11-11,278.270233,"2,606"
2020-11-12,275.375122,"2,607"
2020-11-13,279.254181,"2,608"
2020-11-16,283.824188,"2,611"
2020-11-17,282.244019,"2,612"
2020-11-18,278.885315,"2,613"
2020-11-19,279.42453,"2,614"
2020-11-20,277.387695,"2,615"
2020-11-23,280.573883,"2,618"
2020-11-24,284.878723,"2,619"
2020-11-25,283.276245,"2,620"
2020-11-27,283.750336,"2,622"
2020-11-30,281.266052,"2,625"
2020-12-01,282.991699,"2,626"
2020-12-02,283.693481,"2,627"
2020-12-03,284.527802,"2,628"
2020-12-04,286.927002,"2,629"
2020-12-07,285.514099,"2,632"
2020-12-08,286.55722,"2,633"
2020-12-09,285.305511,"2,634"
2020-12-10,284.983093,"2,635"
2020-12-11,285.352844,"2,636"
2020-12-14,283.617615,"2,639"
2020-12-15,286.955444,"2,640"
2020-12-16,286.509674,"2,641"
2020-12-17,287.780365,"2,642"
2020-12-18,286.828461,"2,643"
2020-12-21,287.056519,"2,646"
2020-12-22,285.089722,"2,647"
2020-12-23,286.23941,"2,648"
2020-12-24,286.942474,"2,649"
2020-12-28,288.823669,"2,653"
2020-12-29,288.310577,"2,654"
2020-12-30,288.947113,"2,655"
2020-12-31,290.524261,"2,656"
2021-01-04,287.227448,"2,660"
2021-01-05,288.67157,"2,661"
2021-01-06,292.823364,"2,662"
2021-01-07,294.999054,"2,663"
2021-01-08,295.512085,"2,664"
2021-01-11,294.685608,"2,667"
2021-01-12,295.22699,"2,668"
2021-01-13,295.12265,"2,669"
2021-01-14,294.571503,"2,670"
2021-01-15,292.858734,"2,671"
2021-01-19,293.999237,"2,675"
2021-01-20,296.328033,"2,676"
2021-01-21,296.423035,"2,677"
2021-01-22,294.617188,"2,678"
2021-01-25,294.312988,"2,681"
2021-01-26,294.065948,"2,682"
2021-01-27,288.239563,"2,683"
2021-01-28,290.9104,"2,684"
2021-01-29,284.960419,"2,685"
2021-02-01,287.060913,"2,688"
2021-02-02,291.623199,"2,689"
2021-02-03,292.041382,"2,690"
2021-02-04,295.282501,"2,691"
2021-02-05,296.109406,"2,692"
2021-02-08,298.343048,"2,695"
2021-02-09,298.371582,"2,696"
2021-02-10,298.92276,"2,697"
2021-02-11,299.093811,"2,698"
2021-02-12,299.436127,"2,699"
2021-02-16,299.949249,"2,703"
2021-02-17,300.918854,"2,704"
2021-02-18,299.930237,"2,705"
2021-02-19,299.89325,"2,706"
2021-02-22,300.169312,"2,709"
2021-02-23,300.340729,"2,710"
2021-02-24,304.283203,"2,711"
2021-02-25,298.998077,"2,712"
2021-02-26,294.684204,"2,713"
2021-03-01,300.531281,"2,716"
2021-03-02,299.19812,"2,717"
2021-03-03,298.055206,"2,718"
2021-03-04,294.807953,"2,719"
2021-03-05,300.197784,"2,720"
2021-03-08,303.064178,"2,723"
2021-03-09,303.407043,"2,724"
2021-03-10,307.901855,"2,725"
2021-03-11,309.806427,"2,726"
2021-03-12,312.644226,"2,727"
2021-03-15,314.339264,"2,730"
2021-03-16,313.167938,"2,731"
2021-03-17,314.986847,"2,732"
2021-03-18,313.644104,"2,733"
2021-03-19,311.087799,"2,734"
2021-03-22,312.261475,"2,737"
2021-03-23,309.226959,"2,738"
2021-03-24,309.246094,"2,739"
2021-03-25,311.259521,"2,740"
2021-03-26,315.477173,"2,741"
2021-03-29,316.479156,"2,744"
2021-03-30,315.677643,"2,745"
2021-03-31,315.066925,"2,746"
2021-04-01,316.278809,"2,747"
2021-04-05,319.857239,"2,751"
2021-04-06,319.065155,"2,752"
2021-04-07,319.065155,"2,753"
2021-04-08,319.790405,"2,754"
2021-04-09,322.395386,"2,755"
2021-04-12,322.099487,"2,758"
2021-04-13,321.374268,"2,759"
2021-04-14,322.080414,"2,760"
2021-04-15,324.857178,"2,761"
2021-04-16,326.31958,"2,762"
2021-04-19,325.26004,"2,765"
2021-04-20,322.749664,"2,766"
2021-04-21,325.785004,"2,767"
2021-04-22,322.749664,"2,768"
2021-04-23,324.95462,"2,769"
2021-04-26,324.420074,"2,772"
2021-04-27,324.381836,"2,773"
2021-04-28,322.988342,"2,774"
2021-04-29,325.088287,"2,775"
2021-04-30,323.532379,"2,776"
2021-05-03,325.603607,"2,779"
2021-05-04,325.966461,"2,780"
2021-05-05,326.72052,"2,781"
2021-05-06,329.80365,"2,782"
2021-05-07,332.065979,"2,783"
2021-05-10,331.932373,"2,786"
2021-05-11,327.32196,"2,787"
2021-05-12,320.726044,"2,788"
2021-05-13,324.973724,"2,789"
2021-05-14,328.610565,"2,790"
2021-05-17,328.028259,"2,793"
2021-05-18,325.603607,"2,794"
2021-05-19,324.009674,"2,795"
2021-05-20,325.995026,"2,796"
2021-05-21,327.164856,"2,797"
2021-05-24,329.001373,"2,800"
2021-05-25,328.255249,"2,801"
2021-05-26,328.341339,"2,802"
2021-05-27,329.613617,"2,803"
2021-05-28,330.608337,"2,804"
2021-06-01,330.828278,"2,808"
2021-06-02,331.296997,"2,809"
2021-06-03,330.971741,"2,810"
2021-06-04,332.770111,"2,811"
2021-06-07,331.516998,"2,814"
2021-06-08,331.277924,"2,815"
2021-06-09,329.795258,"2,816"
2021-06-10,329.97699,"2,817"
2021-06-11,330.110931,"2,818"
2021-06-14,329.326599,"2,821"
2021-06-15,328.475281,"2,822"
2021-06-16,325.940491,"2,823"
2021-06-17,323.922302,"2,824"
2021-06-18,318.944031,"2,825"
2021-06-21,324.519073,"2,828"
2021-06-22,325.160858,"2,829"
2021-06-23,324.519073,"2,830"
2021-06-24,327.584351,"2,831"
2021-06-25,329.950409,"2,832"
2021-06-28,328.369843,"2,835"
2021-06-29,328.427307,"2,836"
2021-06-30,330.429352,"2,837"
2021-07-01,331.780029,"2,838"
2021-07-02,333.293488,"2,839"
2021-07-06,331.262787,"2,843"
2021-07-07,332.316437,"2,844"
2021-07-08,329.883392,"2,845"
2021-07-09,334.050262,"2,846"
2021-07-12,335.295502,"2,849"
2021-07-13,334.308868,"2,850"
2021-07-14,334.70166,"2,851"
2021-07-15,335.209351,"2,852"
2021-07-16,332.340576,"2,853"
2021-07-19,325.765564,"2,856"
2021-07-20,330.749512,"2,857"
2021-07-21,333.538696,"2,858"
2021-07-22,333.797546,"2,859"
2021-07-23,336.011536,"2,860"
2021-07-26,336.81662,"2,863"
2021-07-27,336.059448,"2,864"
2021-07-28,334.851776,"2,865"
2021-07-29,336.25116,"2,866"
2021-07-30,334.966888,"2,867"
2021-08-02,333.883789,"2,870"
2021-08-03,336.509918,"2,871"
2021-08-04,333.538696,"2,872"
2021-08-05,336.049805,"2,873"
2021-08-06,337.468536,"2,874"
2021-08-09,336.567413,"2,877"
2021-08-10,338.081848,"2,878"
2021-08-11,340.200104,"2,879"
2021-08-12,340.478027,"2,880"
2021-08-13,340.631439,"2,881"
2021-08-16,341.762451,"2,884"
2021-08-17,339.1362,"2,885"
2021-08-18,335.580261,"2,886"
2021-08-19,334.966888,"2,887"
2021-08-20,337.166534,"2,888"
2021-08-23,339.365265,"2,891"
2021-08-24,339.643707,"2,892"
2021-08-25,340.066193,"2,893"
2021-08-26,338.126678,"2,894"
2021-08-27,340.440613,"2,895"
2021-08-30,339.970154,"2,898"
2021-08-31,339.81662,"2,899"
2021-09-01,339.461273,"2,900"
2021-09-02,340.728668,"2,901"
2021-09-03,340.027771,"2,902"
2021-09-07,337.435303,"2,906"
2021-09-08,336.753693,"2,907"
2021-09-09,335.390228,"2,908"
2021-09-10,332.884247,"2,909"
2021-09-13,335.380615,"2,912"
2021-09-14,332.663391,"2,913"
2021-09-15,334.919739,"2,914"
2021-09-16,334.305267,"2,915"
2021-09-17,332.569458,"2,916"
2021-09-20,326.56546,"2,919"
2021-09-21,326.28653,"2,920"
2021-09-22,329.548248,"2,921"
2021-09-23,334.416901,"2,922"
2021-09-24,334.715179,"2,923"
2021-09-27,335.427185,"2,926"
2021-09-28,329.952393,"2,927"
2021-09-29,330.770203,"2,928"
2021-09-30,325.497437,"2,929"
2021-10-01,330.202454,"2,930"
2021-10-04,327.152466,"2,933"
2021-10-05,330.154388,"2,934"
2021-10-06,331.107086,"2,935"
2021-10-07,334.484253,"2,936"
2021-10-08,334.388,"2,937"
2021-10-11,331.934448,"2,940"
2021-10-12,330.779816,"2,941"
2021-10-13,330.885742,"2,942"
2021-10-14,335.927521,"2,943"
2021-10-15,339.620636,"2,944"
2021-10-18,339.283813,"2,947"
2021-10-19,341.170349,"2,948"
2021-10-20,342.681458,"2,949"
2021-10-21,342.614075,"2,950"
2021-10-22,343.364807,"2,951"
2021-10-25,344.14447,"2,954"
2021-10-26,344.096313,"2,955"
2021-10-27,341.670837,"2,956"
2021-10-28,343.903839,"2,957"
2021-10-29,344.798981,"2,958"
2021-11-01,345.665222,"2,961"
2021-11-02,347.051239,"2,962"
2021-11-03,348.004089,"2,963"
2021-11-04,347.801941,"2,964"
2021-11-05,349.678833,"2,965"
2021-11-08,350.660583,"2,968"
2021-11-09,349.659576,"2,969"
2021-11-10,347.532501,"2,970"
2021-11-11,345.982849,"2,971"
2021-11-12,347.73465,"2,972"
2021-11-15,347.696167,"2,975"
2021-11-16,348.360229,"2,976"
2021-11-17,346.358154,"2,977"
2021-11-18,345.876953,"2,978"
2021-11-19,343.235474,"2,979"
2021-11-22,343.515228,"2,982"
2021-11-23,345.270355,"2,983"
2021-11-24,345.28006,"2,984"
2021-11-26,336.59082,"2,986"
2021-11-29,338.683594,"2,989"
2021-11-30,332.617584,"2,990"
2021-12-01,328.335663,"2,991"
2021-12-02,334.266632,"2,992"
2021-12-03,333.909821,"2,993"
2021-12-06,340.255554,"2,996"
2021-12-07,345.000275,"2,997"
2021-12-08,345.241394,"2,998"
2021-12-09,345.357147,"2,999"
2021-12-10,347.401703,"3,000"
2021-12-13,344.325256,"3,003"
2021-12-14,343.486206,"3,004"
2021-12-15,346.996613,"3,005"
2021-12-16,346.639801,"3,006"
2021-12-17,341.665924,"3,007"
2021-12-20,337.45343,"3,010"
2021-12-21,342.90271,"3,011"
2021-12-22,345.298798,"3,012"
2021-12-23,347.202118,"3,013"
2021-12-27,350.641663,"3,017"
2021-12-28,351.675507,"3,018"
2021-12-29,352.496704,"3,019"
2021-12-30,351.752869,"3,020"
2021-12-31,351.028137,"3,021"
2022-01-03,353.308258,"3,024"
2022-01-04,355.424194,"3,025"
2022-01-05,351.772125,"3,026"
2022-01-06,350.129608,"3,027"
2022-01-07,350.052246,"3,028"
2022-01-10,348.583801,"3,031"
2022-01-11,350.274567,"3,032"
2022-01-12,350.670654,"3,033"
2022-01-13,348.979919,"3,034"
2022-01-14,346.989594,"3,035"
2022-01-18,341.87851,"3,039"
2022-01-19,338.496887,"3,040"
2022-01-20,335.579102,"3,041"
2022-01-21,331.013489,"3,042"
2022-01-24,332.42511,"3,045"
2022-01-25,331.603271,"3,046"
2022-01-26,330.152893,"3,047"
2022-01-27,330.239929,"3,048"
2022-01-28,335.615875,"3,049"
2022-01-31,339.454346,"3,052"
2022-02-01,342.219666,"3,053"
2022-02-02,344.240479,"3,054"
2022-02-03,339.357727,"3,055"
2022-02-04,339.251282,"3,056"
2022-02-07,339.280365,"3,059"
2022-02-08,342.799805,"3,060"
2022-02-09,345.826202,"3,061"
2022-02-10,340.87561,"3,062"
2022-02-11,335.789948,"3,063"
2022-02-14,334.436249,"3,066"
2022-02-15,338.622894,"3,067"
2022-02-16,338.091064,"3,068"
2022-02-17,332.299438,"3,069"
2022-02-18,330.187531,"3,070"
2022-02-22,325.374725,"3,074"
2022-02-23,321.026825,"3,075"
2022-02-24,321.820923,"3,076"
2022-02-25,329.761383,"3,077"
2022-02-28,328.599335,"3,080"
2022-03-01,322.615051,"3,081"
2022-03-02,328.270142,"3,082"
2022-03-03,327.427704,"3,083"
2022-03-04,325.820221,"3,084"
2022-03-07,318.073395,"3,087"
2022-03-08,316.194794,"3,088"
2022-03-09,322.847412,"3,089"
2022-03-10,321.598206,"3,090"
2022-03-11,319.574402,"3,091"
2022-03-14,319.622833,"3,094"
2022-03-15,325.549133,"3,095"
2022-03-16,330.55545,"3,096"
2022-03-17,334.515961,"3,097"
2022-03-18,336.953918,"3,098"
2022-03-21,335.255493,"3,101"
2022-03-22,337.875946,"3,102"
2022-03-23,333.285339,"3,103"
2022-03-24,336.827759,"3,104"
2022-03-25,338.264038,"3,105"
2022-03-28,339.186127,"3,108"
2022-03-29,342.563477,"3,109"
2022-03-30,341.738556,"3,110"
2022-03-31,336.604553,"3,111"
2022-04-01,337.749725,"3,112"
2022-04-04,338.943481,"3,115"
2022-04-05,336.128998,"3,116"
2022-04-06,334.585846,"3,117"
2022-04-07,335.769897,"3,118"
2022-04-08,337.128571,"3,119"
2022-04-11,333.081512,"3,122"
2022-04-12,332.130493,"3,123"
2022-04-13,335.566162,"3,124"
2022-04-14,334.261292,"3,125"
2022-04-18,334.076752,"3,129"
2022-04-19,338.9505,"3,130"
2022-04-20,341.290344,"3,131"
2022-04-21,337.581573,"3,132"
2022-04-22,328.416595,"3,133"
2022-04-25,330.639923,"3,136"
2022-04-26,322.766144,"3,137"
2022-04-27,323.329193,"3,138"
2022-04-28,329.406921,"3,139"
2022-04-29,320.086487,"3,140"
2022-05-02,321.105865,"3,143"
2022-05-03,321.601044,"3,144"
2022-05-04,330.668945,"3,145"
2022-05-05,320.620544,"3,146"
2022-05-06,319.484497,"3,147"
2022-05-09,313.203094,"3,150"
2022-05-10,312.455383,"3,151"
2022-05-11,309.183563,"3,152"
2022-05-12,308.38739,"3,153"
2022-05-13,312.843842,"3,154"
2022-05-16,313.377747,"3,157"
2022-05-17,317.57196,"3,158"
2022-05-18,306.358368,"3,159"
2022-05-19,304.057373,"3,160"
2022-05-20,304.042847,"3,161"
2022-05-23,310.29068,"3,164"
2022-05-24,310.825928,"3,165"
2022-05-25,312.665222,"3,166"
2022-05-26,317.696747,"3,167"
2022-05-27,323.166016,"3,168"
2022-05-31,321.3461,"3,172"
2022-06-01,319.555389,"3,173"
2022-06-02,323.847168,"3,174"
2022-06-03,320.51889,"3,175"
2022-06-06,320.616211,"3,178"
2022-06-07,323.263275,"3,179"
2022-06-08,320.548004,"3,180"
2022-06-09,314.339172,"3,181"
2022-06-10,305.940582,"3,182"
2022-06-13,297.3862,"3,185"
2022-06-14,296.140533,"3,186"
2022-06-15,298.992004,"3,187"
2022-06-16,291.858459,"3,188"
2022-06-17,291.382507,"3,189"
2022-06-21,297.791138,"3,193"
2022-06-22,297.127808,"3,194"
2022-06-23,299.205505,"3,195"
2022-06-24,307.282135,"3,196"
2022-06-27,306.638367,"3,199"
2022-06-28,301.741638,"3,200"
2022-06-29,302.434204,"3,201"
2022-06-30,300.258972,"3,202"
2022-07-01,303.214569,"3,203"
2022-07-05,302.102539,"3,207"
2022-07-06,302.785431,"3,208"
2022-07-07,306.238403,"3,209"
2022-07-08,305.760468,"3,210"
2022-07-11,304.043732,"3,213"
2022-07-12,302.356262,"3,214"
2022-07-13,300.190704,"3,215"
2022-07-14,298.873901,"3,216"
2022-07-15,305.107574,"3,217"
2022-07-18,303.146118,"3,220"
2022-07-19,310.425934,"3,221"
2022-07-20,311.04068,"3,222"
2022-07-21,312.67041,"3,223"
2022-07-22,311.353027,"3,224"
2022-07-25,312.231293,"3,227"
2022-07-26,309.86972,"3,228"
2022-07-27,314.231781,"3,229"
2022-07-28,317.373901,"3,230"
2022-07-29,320.7211,"3,231"
2022-08-01,320.116058,"3,234"
2022-08-02,316.212738,"3,235"
2022-08-03,320.233185,"3,236"
2022-08-04,319.452515,"3,237"
2022-08-05,320.047729,"3,238"
2022-08-08,320.486938,"3,241"
2022-08-09,319.989197,"3,242"
2022-08-10,325.151428,"3,243"
2022-08-11,325.649048,"3,244"
2022-08-12,329.669495,"3,245"
2022-08-15,331.172394,"3,248"
2022-08-16,333.485138,"3,249"
2022-08-17,331.982361,"3,250"
2022-08-18,332.353119,"3,251"
2022-08-19,329.533386,"3,252"
2022-08-22,323.393219,"3,255"
2022-08-23,321.78006,"3,256"
2022-08-24,322.513275,"3,257"
2022-08-25,325.730011,"3,258"
2022-08-26,315.73764,"3,259"
2022-08-29,313.948395,"3,262"
2022-08-30,310.956573,"3,263"
2022-08-31,308.619751,"3,264"
2022-09-01,309.998413,"3,265"
2022-09-02,306.771912,"3,266"
2022-09-06,305.246643,"3,270"
2022-09-07,309.284637,"3,271"
2022-09-08,311.1521,"3,272"
2022-09-09,315.102112,"3,273"
2022-09-12,317.341095,"3,276"
2022-09-13,304.78714,"3,277"
2022-09-14,305.109772,"3,278"
2022-09-15,303.447571,"3,279"
2022-09-16,301.989838,"3,280"
2022-09-19,304.048584,"3,283"
2022-09-20,300.980164,"3,284"
2022-09-21,295.872589,"3,285"
2022-09-22,294.607941,"3,286"
2022-09-23,290.039642,"3,287"
2022-09-26,286.961487,"3,290"
2022-09-27,285.569366,"3,291"
2022-09-28,290.892517,"3,292"
2022-09-29,286.461487,"3,293"
2022-09-30,281.648071,"3,294"
2022-10-03,288.990753,"3,297"
2022-10-04,297.176453,"3,298"
2022-10-05,296.833405,"3,299"
2022-10-06,293.343384,"3,300"
2022-10-07,287.206482,"3,301"
2022-10-10,286.216431,"3,304"
2022-10-11,286.539856,"3,305"
2022-10-12,286.412445,"3,306"
2022-10-13,294.647156,"3,307"
2022-10-14,290.980804,"3,308"
2022-10-17,296.117676,"3,311"
2022-10-18,299.460571,"3,312"
2022-10-19,298.362671,"3,313"
2022-10-20,297.343109,"3,314"
2022-10-21,304.947144,"3,315"
2022-10-24,309.037537,"3,318"
2022-10-25,312.411896,"3,319"
2022-10-26,312.304047,"3,320"
2022-10-27,314.344299,"3,321"
2022-10-28,322.309418,"3,322"
2022-10-31,321.171509,"3,325"
2022-11-01,320.180817,"3,326"
2022-11-02,315.227173,"3,327"
2022-11-03,313.765564,"3,328"
2022-11-04,317.954102,"3,329"
2022-11-07,322.152466,"3,332"
2022-11-08,325.379639,"3,333"
2022-11-09,319.131195,"3,334"
2022-11-10,330.823761,"3,335"
2022-11-11,331.343689,"3,336"
2022-11-14,329.362152,"3,339"
2022-11-15,329.793762,"3,340"
2022-11-16,329.656525,"3,341"
2022-11-17,329.685883,"3,342"
2022-11-18,331.603516,"3,343"
2022-11-21,331.289001,"3,346"
2022-11-22,335.132141,"3,347"
2022-11-23,336.105255,"3,348"
2022-11-25,337.648407,"3,350"
2022-11-28,332.704376,"3,353"
2022-11-29,332.694611,"3,354"
2022-11-30,340.233459,"3,355"
2022-12-01,338.523193,"3,356"
2022-12-02,338.847534,"3,357"
2022-12-05,334.218018,"3,360"
2022-12-06,330.709045,"3,361"
2022-12-07,330.689392,"3,362"
2022-12-08,332.674866,"3,363"
2022-12-09,329.637665,"3,364"
2022-12-12,334.797974,"3,367"
2022-12-13,335.96759,"3,368"
2022-12-14,334.404816,"3,369"
2022-12-15,327.111603,"3,370"
2022-12-16,324.077454,"3,371"
2022-12-19,322.511078,"3,374"
2022-12-20,323.496246,"3,375"
2022-12-21,328.638611,"3,376"
2022-12-22,325.348267,"3,377"
2022-12-23,326.993439,"3,378"
2022-12-27,327.42688,"3,382"
2022-12-28,323.683441,"3,383"
2022-12-29,327.12149,"3,384"
2022-12-30,326.402283,"3,385"
2023-01-03,326.294006,"3,389"
2023-01-04,327.614075,"3,390"
2023-01-05,324.3237,"3,391"
2023-01-06,331.278748,"3,392"
2023-01-09,330.303497,"3,395"
2023-01-10,332.21463,"3,396"
2023-01-11,334.70697,"3,397"
2023-01-12,336.913666,"3,398"
2023-01-13,337.938232,"3,399"
2023-01-17,334.115875,"3,403"
2023-01-18,328.017975,"3,404"
2023-01-19,325.712799,"3,405"
2023-01-20,328.986176,"3,406"
2023-01-23,331.451111,"3,409"
2023-01-24,332.368011,"3,410"
2023-01-25,332.58493,"3,411"
2023-01-26,334.596252,"3,412"
2023-01-27,334.842804,"3,413"
2023-01-30,332.328552,"3,416"
2023-01-31,336.045624,"3,417"
2023-02-01,336.085083,"3,418"
2023-02-02,335.651276,"3,419"
2023-02-03,334.221649,"3,420"
2023-02-06,333.728638,"3,423"
2023-02-07,336.725952,"3,424"
2023-02-08,334.655457,"3,425"
2023-02-09,332.348297,"3,426"
2023-02-10,333.975128,"3,427"
2023-02-13,337.741455,"3,430"
2023-02-14,336.351288,"3,431"
2023-02-15,336.863983,"3,432"
2023-02-16,332.653931,"3,433"
2023-02-17,334.087921,"3,434"
2023-02-21,327.135315,"3,438"
2023-02-22,326.414398,"3,439"
2023-02-23,327.55014,"3,440"
2023-02-24,324.04422,"3,441"
2023-02-27,324.972565,"3,444"
2023-02-28,322.513489,"3,445"
2023-03-01,322.938141,"3,446"
2023-03-02,326.335388,"3,447"
2023-03-03,330.058563,"3,448"
2023-03-06,330.522766,"3,451"
2023-03-07,324.784912,"3,452"
2023-03-08,324.409607,"3,453"
2023-03-09,319.066833,"3,454"
2023-03-10,315.758453,"3,455"
2023-03-13,314.859741,"3,458"
2023-03-14,318.187897,"3,459"
2023-03-15,315.570831,"3,460"
2023-03-16,319.234741,"3,461"
2023-03-17,315.380829,"3,462"
2023-03-20,319.143616,"3,465"
2023-03-21,322.431091,"3,466"
2023-03-22,317.044342,"3,467"
2023-03-23,317.697937,"3,468"
2023-03-24,319.163452,"3,469"
2023-03-27,321.133942,"3,472"
2023-03-28,320.638824,"3,473"
2023-03-29,323.876831,"3,474"
2023-03-30,325.263123,"3,475"
2023-03-31,329.362549,"3,476"
2023-04-03,332.620361,"3,479"
2023-04-04,330.669617,"3,480"
2023-04-05,331.540985,"3,481"
2023-04-06,331.620209,"3,482"
2023-04-10,332.66983,"3,486"
2023-04-11,333.600647,"3,487"
2023-04-12,333.313446,"3,488"
2023-04-13,337.036652,"3,489"
2023-04-14,335.521637,"3,490"
2023-04-17,336.591064,"3,493"
2023-04-18,336.472198,"3,494"
2023-04-19,335.670166,"3,495"
2023-04-20,334.640381,"3,496"
2023-04-21,334.98114,"3,497"
2023-04-24,335.615265,"3,500"
2023-04-25,332.226898,"3,501"
2023-04-26,329.868958,"3,502"
2023-04-27,335.070343,"3,503"
2023-04-28,337.874176,"3,504"
2023-05-01,337.210358,"3,507"
2023-05-02,333.752686,"3,508"
2023-05-03,331.018188,"3,509"
2023-05-04,328.263916,"3,510"
2023-05-05,333.613983,"3,511"
2023-05-08,333.108673,"3,514"
2023-05-09,332.662842,"3,515"
2023-05-10,332.385406,"3,516"
2023-05-11,330.245422,"3,517"
2023-05-12,330.116608,"3,518"
2023-05-15,330.681335,"3,521"
2023-05-16,327.292969,"3,522"
2023-05-17,331.51355,"3,523"
2023-05-18,332.950165,"3,524"
2023-05-19,331.81427,"3,525"
2023-05-22,330.533417,"3,528"
2023-05-23,328.259705,"3,529"
2023-05-24,325.678253,"3,530"
2023-05-25,325.420044,"3,531"
2023-05-26,328.488068,"3,532"
2023-05-30,328.17038,"3,536"
2023-05-31,327.17749,"3,537"
2023-06-01,328.587372,"3,538"
2023-06-02,335.666687,"3,539"
2023-06-05,333.740479,"3,542"
2023-06-06,333.780212,"3,543"
2023-06-07,334.773071,"3,544"
2023-06-08,336.401428,"3,545"
2023-06-09,336.858154,"3,546"
2023-06-12,338.744659,"3,549"
2023-06-13,340.184326,"3,550"
2023-06-14,338.000031,"3,551"
2023-06-15,342.319061,"3,552"
2023-06-16,341.280182,"3,553"
2023-06-20,338.802277,"3,557"
2023-06-21,337.777283,"3,558"
2023-06-22,337.687744,"3,559"
2023-06-23,335.518341,"3,560"
2023-06-26,335.498444,"3,563"
2023-06-27,337.578247,"3,564"
2023-06-28,336.981171,"3,565"
2023-06-29,339.498871,"3,566"
2023-06-30,342.175781,"3,567"
2023-07-03,342.394714,"3,570"
2023-07-05,341.140839,"3,572"
2023-07-06,337.578247,"3,573"
2023-07-07,335.787018,"3,574"
2023-07-10,337.926544,"3,577"
2023-07-11,340.97171,"3,578"
2023-07-12,341.956848,"3,579"
2023-07-13,342.245453,"3,580"
2023-07-14,343.48938,"3,581"
2023-07-17,344.166046,"3,584"
2023-07-18,347.877869,"3,585"
2023-07-19,348.982483,"3,586"
2023-07-20,350.713989,"3,587"
2023-07-21,350.692108,"3,588"
2023-07-24,352.614166,"3,591"
2023-07-25,352.863129,"3,592"
2023-07-26,353.789307,"3,593"
2023-07-27,351.319489,"3,594"
2023-07-28,353.022461,"3,595"
2023-07-31,354.108002,"3,598"
2023-08-01,354.735413,"3,599"
2023-08-02,351.289612,"3,600"
2023-08-03,350.542725,"3,601"
2023-08-04,349.208191,"3,602"
2023-08-07,353.161865,"3,605"
2023-08-08,351.568481,"3,606"
2023-08-09,349.835632,"3,607"
2023-08-10,350.443115,"3,608"
2023-08-11,351.548553,"3,609"
2023-08-14,351.75769,"3,612"
2023-08-15,348.172455,"3,613"
2023-08-16,346.340027,"3,614"
2023-08-17,343.641205,"3,615"
2023-08-18,344.209686,"3,616"
2023-08-21,343.760895,"3,619"
2023-08-22,342.055389,"3,620"
2023-08-23,343.920441,"3,621"
2023-08-24,340.130493,"3,622"
2023-08-25,342.593964,"3,623"
2023-08-28,344.798126,"3,626"
2023-08-29,347.70047,"3,627"
2023-08-30,348.478394,"3,628"
2023-08-31,346.892609,"3,629"
2023-09-01,348.05954,"3,630"
2023-09-05,346.064819,"3,634"
2023-09-06,344.090027,"3,635"
2023-09-07,344.778198,"3,636"
2023-09-08,345.596039,"3,637"
2023-09-11,346.453766,"3,640"
2023-09-12,346.294189,"3,641"
2023-09-13,345.635925,"3,642"
2023-09-14,349.016998,"3,643"
2023-09-15,346.140015,"3,644"
2023-09-18,346.149994,"3,647"
2023-09-19,345.070007,"3,648"
2023-09-20,344.320007,"3,649"
2023-09-21,342.070007,"3,650"